﻿<?xml version='1.0' encoding='utf-8'?><m:page id='59dcee57-0d9b-45b2-a580-9815acb9abbf' xmlns='http://www.w3.org/1999/xhtml' title='New Account' cancelChangesOperationId='/OybLSlZxUmHco5Y5+I5Pw' closeButton='5.Administration.Account_New.cancelButton1' xmlns:m='http://schemas.mendix.com/forms/1.0'><m:parameters>["AccountPasswordData"]</m:parameters><m:layouts><m:layout path='Atlas_Core/PopupLayout.layout.xml'></m:layout></m:layouts><m:arguments><m:argument parameterName='0e9d1768-aaa3-4201-b4b6-32cc770100b2'><div data-mendix-id='5.Administration.Account_New.layoutGrid1' data-mendix-type='mxui.widget.ReactWidgetWrapper' data-mendix-props='"widgetTree":[{"$widgetId":"5.Administration.Account_New.layoutGrid1","widget":"Div","props":{"class":"mx-name-layoutGrid1 mx-layoutgrid mx-layoutgrid-fluid container-fluid","content":[{"$widgetId":"5.Administration.Account_New.layoutGrid1$row0","widget":"Div","props":{"class":"row","content":[{"$widgetId":"5.Administration.Account_New.layoutGrid1$row0$column0","widget":"Div","props":{"class":"col-lg col-md col","content":[{"$widgetId":"5.Administration.Account_New.dataView2","widget":"DataView","props":{"class":"mx-name-dataView2 form-horizontal","object":{"$type":"AssociationObjectProperty","dataSourceId":"5.16","scope":"$AccountPasswordData","editable":true},"emptyMessage":{"$type":"TextProperty","value":""},"body":[{"$widgetId":"5.Administration.Account_New.dataView1","widget":"DataView","props":{"class":"mx-name-dataView1 form-horizontal","object":{"$type":"AssociationObjectProperty","dataSourceId":"5.19","scope":"$AccountPasswordData","editable":true,"path":"Administration.AccountPasswordData_Account/Administration.Account","operationId":"WX+zWTW7MUq8i0THTQOXNw"},"emptyMessage":{"$type":"TextProperty","value":""},"body":[{"$widgetId":"5.Administration.Account_New.textBox6$formGroup","widget":"FormGroup","props":{"class":"mx-name-textBox6 mx-textbox","control":[{"$widgetId":"5.Administration.Account_New.textBox6","widget":"TextBox","props":{"inputValue":{"$type":"AttributeProperty","scope":"5.Administration.Account_New.dataView1","path":"","entity":"Administration.Account","attribute":"FullName","onChange":{"type":"doNothing","argMap":{},"config":{},"disabledDuringExecution":false},"validation":null,"formatting":{}},"isPassword":false,"placeholder":{"$type":"TextProperty","value":""},"mask":"","readOnlyStyle":"text","maxLength":200,"onEnter":null,"onLeave":null,"onEnterKeyPress":null,"autocomplete":"on","submitWhileEditing":false,"submitDelay":300,"id":{"$type":"DerivedUniqueIdProperty","widgetId":"5.Administration.Account_New.textBox6"}}}],"caption":{"$type":"ExpressionProperty","expression":{"expr":{"type":"literal","value":"Full name"},"args":{}}},"labelFor":{"$type":"DerivedUniqueIdProperty","widgetId":"5.Administration.Account_New.textBox6"},"width":3,"orientation":"horizontal","hasError":{"$type":"ValidationProperty","inputWidgetId":"5.Administration.Account_New.textBox6"}}},{"$widgetId":"5.Administration.Account_New.textBox9$formGroup","widget":"FormGroup","props":{"class":"mx-name-textBox9 mx-textbox","control":[{"$widgetId":"5.Administration.Account_New.textBox9","widget":"TextBox","props":{"inputValue":{"$type":"AttributeProperty","scope":"5.Administration.Account_New.dataView1","path":"","entity":"Administration.Account","attribute":"Name","onChange":{"type":"doNothing","argMap":{},"config":{},"disabledDuringExecution":false},"validation":null,"formatting":{}},"isPassword":false,"placeholder":{"$type":"TextProperty","value":""},"mask":"","readOnlyStyle":"text","maxLength":100,"onEnter":null,"onLeave":null,"onEnterKeyPress":null,"autocomplete":"on","submitWhileEditing":false,"submitDelay":300,"id":{"$type":"DerivedUniqueIdProperty","widgetId":"5.Administration.Account_New.textBox9"}}}],"caption":{"$type":"ExpressionProperty","expression":{"expr":{"type":"literal","value":"User name"},"args":{}}},"labelFor":{"$type":"DerivedUniqueIdProperty","widgetId":"5.Administration.Account_New.textBox9"},"width":3,"orientation":"horizontal","hasError":{"$type":"ValidationProperty","inputWidgetId":"5.Administration.Account_New.textBox9"}}},{"$widgetId":"5.Administration.Account_New.comboBox1$formGroup","widget":"FormGroup","props":{"class":"mx-name-comboBox1","control":[{"$widgetId":"5.Administration.Account_New.comboBox1","widget":"com.mendix.widget.web.combobox.Combobox","props":{"optionsSourceType":"association","attributeAssociation":{"$type":"AssociationProperty","type":"ReferenceSet","entity":"Administration.Account","path":"","attribute":"System.UserRoles","endpointEntity":"System.UserRole","selectableObjectsId":"5.3","scope":"5.Administration.Account_New.dataView1","onChange":{"type":"doNothing","argMap":{},"config":{},"disabledDuringExecution":false}},"optionsSourceAssociationDataSource":{"$type":"DatabaseObjectListProperty","dataSourceId":"5.3","entity":"System.UserRole","scope":"5.Administration.Account_New.dataView1","operationId":"FwPHZwlqIUuuKdfyrJd+3w","sort":[["Name","asc"]],"constraints":{"type":"function","name":"=","parameters":[{"type":"attribute","attribute":"System.grantableRoles","attributeType":"ObjectReferenceSet"},{"type":"token","name":"currentUser"}]}},"optionsSourceAssociationCaptionType":"attribute","optionsSourceAssociationCaptionAttribute":{"$type":"ListAttributeProperty","path":"","entity":"System.UserRole","attribute":"Name","attributeType":"String","sortable":true,"filterable":true,"dataSourceId":"5.3"},"emptyOptionText":{"$type":"ExpressionProperty","expression":{"expr":{"type":"literal","value":""},"args":{}}},"filterType":"contains","noOptionsText":{"$type":"ExpressionProperty","expression":{"expr":{"type":"literal","value":""},"args":{}}},"clearable":true,"optionsSourceAssociationCustomContentType":"no","optionsSourceAssociationCustomContent":null,"showFooter":false,"menuFooterContent":null,"selectionMethod":"checkbox","selectedItemsStyle":"text","selectAllButton":false,"selectAllButtonCaption":{"$type":"ExpressionProperty","expression":{"expr":{"type":"literal","value":"Select all"},"args":{}}},"onChangeEvent":null,"onEnterEvent":null,"onLeaveEvent":null,"ariaRequired":false,"clearButtonAriaLabel":{"$type":"ExpressionProperty","expression":{"expr":{"type":"literal","value":"Clear selection"},"args":{}}},"removeValueAriaLabel":{"$type":"ExpressionProperty","expression":{"expr":{"type":"literal","value":"Remove value"},"args":{}}},"a11ySelectedValue":{"$type":"ExpressionProperty","expression":{"expr":{"type":"literal","value":"Selected value:"},"args":{}}},"a11yOptionsAvailable":{"$type":"ExpressionProperty","expression":{"expr":{"type":"literal","value":"Number of options available:"},"args":{}}},"a11yInstructions":{"$type":"ExpressionProperty","expression":{"expr":{"type":"literal","value":"Use up and down arrow keys to navigate. Press Enter or Space Bar keys to select."},"args":{}}},"source":"context","optionsSourceDatabaseCaptionType":"attribute","optionsSourceStaticDataSource":[],"optionsSourceDatabaseCustomContentType":"no","staticDataSourceCustomContentType":"no","id":{"$type":"DerivedUniqueIdProperty","widgetId":"5.Administration.Account_New.comboBox1"}}}],"caption":{"$type":"ExpressionProperty","expression":{"expr":{"type":"literal","value":"User role(s)"},"args":{}}},"labelFor":{"$type":"DerivedUniqueIdProperty","widgetId":"5.Administration.Account_New.comboBox1"},"width":3,"orientation":"horizontal","hasError":{"$type":"ValidationProperty","inputWidgetId":"5.Administration.Account_New.comboBox1"}}},{"$widgetId":"5.Administration.Account_New.checkBox1$formGroup","widget":"FormGroup","props":{"class":"mx-name-checkBox1 mx-checkbox","control":[{"$widgetId":"5.Administration.Account_New.checkBox1","widget":"CheckBox","props":{"value":{"$type":"AttributeProperty","scope":"5.Administration.Account_New.dataView1","path":"","entity":"Administration.Account","attribute":"Blocked","onChange":{"type":"doNothing","argMap":{},"config":{},"disabledDuringExecution":false},"validation":null},"readOnlyStyle":"text","onEnter":null,"onLeave":null,"id":{"$type":"DerivedUniqueIdProperty","widgetId":"5.Administration.Account_New.checkBox1"}}}],"caption":{"$type":"ExpressionProperty","expression":{"expr":{"type":"literal","value":"Blocked"},"args":{}}},"labelFor":{"$type":"DerivedUniqueIdProperty","widgetId":"5.Administration.Account_New.checkBox1"},"width":3,"orientation":"horizontal","hasError":{"$type":"ValidationProperty","inputWidgetId":"5.Administration.Account_New.checkBox1"}}},{"$widgetId":"5.Administration.Account_New.checkBox2$formGroup","widget":"FormGroup","props":{"class":"mx-name-checkBox2 mx-checkbox","control":[{"$widgetId":"5.Administration.Account_New.checkBox2","widget":"CheckBox","props":{"value":{"$type":"AttributeProperty","scope":"5.Administration.Account_New.dataView1","path":"","entity":"Administration.Account","attribute":"Active","onChange":{"type":"doNothing","argMap":{},"config":{},"disabledDuringExecution":false},"validation":null},"readOnlyStyle":"text","onEnter":null,"onLeave":null,"id":{"$type":"DerivedUniqueIdProperty","widgetId":"5.Administration.Account_New.checkBox2"}}}],"caption":{"$type":"ExpressionProperty","expression":{"expr":{"type":"literal","value":"Active"},"args":{}}},"labelFor":{"$type":"DerivedUniqueIdProperty","widgetId":"5.Administration.Account_New.checkBox2"},"width":3,"orientation":"horizontal","hasError":{"$type":"ValidationProperty","inputWidgetId":"5.Administration.Account_New.checkBox2"}}},{"$widgetId":"5.Administration.Account_New.comboBox3$formGroup","widget":"FormGroup","props":{"class":"mx-name-comboBox3","control":[{"$widgetId":"5.Administration.Account_New.comboBox3","widget":"com.mendix.widget.web.combobox.Combobox","props":{"optionsSourceType":"association","attributeAssociation":{"$type":"AssociationProperty","type":"Reference","entity":"Administration.Account","path":"","attribute":"System.User_Language","endpointEntity":"System.Language","selectableObjectsId":"5.4","scope":"5.Administration.Account_New.dataView1","onChange":{"type":"doNothing","argMap":{},"config":{},"disabledDuringExecution":false}},"optionsSourceAssociationDataSource":{"$type":"DatabaseObjectListProperty","dataSourceId":"5.4","entity":"System.Language","scope":"5.Administration.Account_New.dataView1","operationId":"jfDKXMIWTkqvGdmRvLaFdg","sort":[]},"optionsSourceAssociationCaptionType":"attribute","optionsSourceAssociationCaptionAttribute":{"$type":"ListAttributeProperty","path":"","entity":"System.Language","attribute":"Description","attributeType":"String","sortable":true,"filterable":true,"dataSourceId":"5.4"},"emptyOptionText":{"$type":"ExpressionProperty","expression":{"expr":{"type":"literal","value":""},"args":{}}},"filterType":"contains","noOptionsText":{"$type":"ExpressionProperty","expression":{"expr":{"type":"literal","value":""},"args":{}}},"clearable":true,"optionsSourceAssociationCustomContentType":"no","optionsSourceAssociationCustomContent":null,"showFooter":false,"menuFooterContent":null,"selectionMethod":"checkbox","selectedItemsStyle":"text","selectAllButton":false,"selectAllButtonCaption":{"$type":"ExpressionProperty","expression":{"expr":{"type":"literal","value":"Select all"},"args":{}}},"onChangeEvent":null,"onEnterEvent":null,"onLeaveEvent":null,"ariaRequired":false,"clearButtonAriaLabel":{"$type":"ExpressionProperty","expression":{"expr":{"type":"literal","value":"Clear selection"},"args":{}}},"removeValueAriaLabel":{"$type":"ExpressionProperty","expression":{"expr":{"type":"literal","value":"Remove value"},"args":{}}},"a11ySelectedValue":{"$type":"ExpressionProperty","expression":{"expr":{"type":"literal","value":"Selected value:"},"args":{}}},"a11yOptionsAvailable":{"$type":"ExpressionProperty","expression":{"expr":{"type":"literal","value":"Number of options available:"},"args":{}}},"a11yInstructions":{"$type":"ExpressionProperty","expression":{"expr":{"type":"literal","value":"Use up and down arrow keys to navigate. Press Enter or Space Bar keys to select."},"args":{}}},"source":"context","optionsSourceDatabaseCaptionType":"attribute","optionsSourceStaticDataSource":[],"optionsSourceDatabaseCustomContentType":"no","staticDataSourceCustomContentType":"no","id":{"$type":"DerivedUniqueIdProperty","widgetId":"5.Administration.Account_New.comboBox3"}}}],"caption":{"$type":"ExpressionProperty","expression":{"expr":{"type":"literal","value":"Language"},"args":{}}},"labelFor":{"$type":"DerivedUniqueIdProperty","widgetId":"5.Administration.Account_New.comboBox3"},"width":3,"orientation":"horizontal","hasError":{"$type":"ValidationProperty","inputWidgetId":"5.Administration.Account_New.comboBox3"}}},{"$widgetId":"5.Administration.Account_New.comboBox2$formGroup","widget":"FormGroup","props":{"class":"mx-name-comboBox2","control":[{"$widgetId":"5.Administration.Account_New.comboBox2","widget":"com.mendix.widget.web.combobox.Combobox","props":{"optionsSourceType":"association","attributeAssociation":{"$type":"AssociationProperty","type":"Reference","entity":"Administration.Account","path":"","attribute":"System.User_TimeZone","endpointEntity":"System.TimeZone","selectableObjectsId":"5.5","scope":"5.Administration.Account_New.dataView1","onChange":{"type":"doNothing","argMap":{},"config":{},"disabledDuringExecution":false}},"optionsSourceAssociationDataSource":{"$type":"DatabaseObjectListProperty","dataSourceId":"5.5","entity":"System.TimeZone","scope":"5.Administration.Account_New.dataView1","operationId":"3oYx5qA+vEOelolTso6psg","sort":[["RawOffset","asc"],["Description","asc"]]},"optionsSourceAssociationCaptionType":"expression","optionsSourceAssociationCaptionExpression":{"$type":"ListExpressionProperty","expression":{"expr":{"type":"variable","variable":"currentObject","path":"Description"},"args":{"currentObject":{"widget":"5.Administration.Account_New.comboBox2","source":"object"}}},"dataSourceId":"5.5"},"emptyOptionText":{"$type":"ExpressionProperty","expression":{"expr":{"type":"literal","value":""},"args":{}}},"filterType":"contains","noOptionsText":{"$type":"ExpressionProperty","expression":{"expr":{"type":"literal","value":""},"args":{}}},"clearable":true,"optionsSourceAssociationCustomContentType":"no","optionsSourceAssociationCustomContent":null,"showFooter":false,"menuFooterContent":null,"selectionMethod":"checkbox","selectedItemsStyle":"text","selectAllButton":false,"selectAllButtonCaption":{"$type":"ExpressionProperty","expression":{"expr":{"type":"literal","value":"Select all"},"args":{}}},"onChangeEvent":null,"onEnterEvent":null,"onLeaveEvent":null,"ariaRequired":false,"clearButtonAriaLabel":{"$type":"ExpressionProperty","expression":{"expr":{"type":"literal","value":"Clear selection"},"args":{}}},"removeValueAriaLabel":{"$type":"ExpressionProperty","expression":{"expr":{"type":"literal","value":"Remove value"},"args":{}}},"a11ySelectedValue":{"$type":"ExpressionProperty","expression":{"expr":{"type":"literal","value":"Selected value:"},"args":{}}},"a11yOptionsAvailable":{"$type":"ExpressionProperty","expression":{"expr":{"type":"literal","value":"Number of options available:"},"args":{}}},"a11yInstructions":{"$type":"ExpressionProperty","expression":{"expr":{"type":"literal","value":"Use up and down arrow keys to navigate. Press Enter or Space Bar keys to select."},"args":{}}},"source":"context","optionsSourceDatabaseCaptionType":"attribute","optionsSourceStaticDataSource":[],"optionsSourceDatabaseCustomContentType":"no","staticDataSourceCustomContentType":"no","id":{"$type":"DerivedUniqueIdProperty","widgetId":"5.Administration.Account_New.comboBox2"}}}],"caption":{"$type":"ExpressionProperty","expression":{"expr":{"type":"literal","value":"Time zone"},"args":{}}},"labelFor":{"$type":"DerivedUniqueIdProperty","widgetId":"5.Administration.Account_New.comboBox2"},"width":3,"orientation":"horizontal","hasError":{"$type":"ValidationProperty","inputWidgetId":"5.Administration.Account_New.comboBox2"}}}],"hideFooter":true,"footer":null}},{"$widgetId":"5.Administration.Account_New.textBox5$formGroup","widget":"FormGroup","props":{"class":"mx-name-textBox5 mx-textbox","control":[{"$widgetId":"5.Administration.Account_New.textBox5","widget":"TextBox","props":{"inputValue":{"$type":"AttributeProperty","scope":"5.Administration.Account_New.dataView2","path":"","entity":"Administration.AccountPasswordData","attribute":"NewPassword","onChange":{"type":"doNothing","argMap":{},"config":{},"disabledDuringExecution":false},"validation":{"message":"The password cannot be empty.","expression":{"expr":{"type":"function","name":"!=","parameters":[{"type":"variable","variable":"value"},{"type":"literal","value":null}]},"args":{}}},"formatting":{}},"isPassword":true,"placeholder":{"$type":"TextProperty","value":""},"mask":"","readOnlyStyle":"text","maxLength":200,"onEnter":null,"onLeave":null,"onEnterKeyPress":null,"autocomplete":"on","submitWhileEditing":false,"submitDelay":300,"ariaRequired":true,"id":{"$type":"DerivedUniqueIdProperty","widgetId":"5.Administration.Account_New.textBox5"}}}],"caption":{"$type":"ExpressionProperty","expression":{"expr":{"type":"literal","value":"New password"},"args":{}}},"labelFor":{"$type":"DerivedUniqueIdProperty","widgetId":"5.Administration.Account_New.textBox5"},"width":3,"orientation":"horizontal","hasError":{"$type":"ValidationProperty","inputWidgetId":"5.Administration.Account_New.textBox5"}}},{"$widgetId":"5.Administration.Account_New.textBox7$formGroup","widget":"FormGroup","props":{"class":"mx-name-textBox7 mx-textbox","control":[{"$widgetId":"5.Administration.Account_New.textBox7","widget":"TextBox","props":{"inputValue":{"$type":"AttributeProperty","scope":"5.Administration.Account_New.dataView2","path":"","entity":"Administration.AccountPasswordData","attribute":"ConfirmPassword","onChange":{"type":"doNothing","argMap":{},"config":{},"disabledDuringExecution":false},"validation":{"message":"The password cannot be empty.","expression":{"expr":{"type":"function","name":"!=","parameters":[{"type":"variable","variable":"value"},{"type":"literal","value":null}]},"args":{}}},"formatting":{}},"isPassword":true,"placeholder":{"$type":"TextProperty","value":""},"mask":"","readOnlyStyle":"text","maxLength":200,"onEnter":null,"onLeave":null,"onEnterKeyPress":null,"autocomplete":"on","submitWhileEditing":false,"submitDelay":300,"ariaRequired":true,"id":{"$type":"DerivedUniqueIdProperty","widgetId":"5.Administration.Account_New.textBox7"}}}],"caption":{"$type":"ExpressionProperty","expression":{"expr":{"type":"literal","value":"Confirm password"},"args":{}}},"labelFor":{"$type":"DerivedUniqueIdProperty","widgetId":"5.Administration.Account_New.textBox7"},"width":3,"orientation":"horizontal","hasError":{"$type":"ValidationProperty","inputWidgetId":"5.Administration.Account_New.textBox7"}}}],"hideFooter":false,"footer":[{"$widgetId":"5.Administration.Account_New.microflowButton1$visibility","widget":"ConditionalVisibilityWrapper","props":{"visible":{"$type":"ExpressionProperty","expression":{"expr":{"type":"function","name":"_hasSomeRole","parameters":[{"type":"literal","value":"Administrator"}]},"args":{}}},"contents":[{"$widgetId":"5.Administration.Account_New.microflowButton1","widget":"ActionButton","props":{"buttonId":"5.Administration.Account_New.microflowButton1","class":"mx-name-microflowButton1","renderType":"button","buttonClass":"btn-success","caption":{"$type":"ExpressionProperty","expression":{"expr":{"type":"literal","value":"Save"},"args":{}}},"tooltip":{"$type":"TextProperty","value":""},"action":{"$type":"ActionProperty","action":{"type":"callMicroflow","argMap":{"AccountPasswordData":{"widget":"$AccountPasswordData","source":"object"}},"config":{"operationId":"0xZ0bAAIlVynsdnKA3XiAw","validate":"view","allowedRoles":["Administrator"]},"disabledDuringExecution":false},"abortOnServerValidation":true}}}]}},{"$widgetId":"5.Administration.Account_New.cancelButton1","widget":"ActionButton","props":{"buttonId":"5.Administration.Account_New.cancelButton1","class":"mx-name-cancelButton1","renderType":"button","buttonClass":"btn-default","caption":{"$type":"ExpressionProperty","expression":{"expr":{"type":"literal","value":"Cancel"},"args":{}}},"tooltip":{"$type":"TextProperty","value":""},"action":{"$type":"ActionProperty","action":{"type":"cancelChanges","argMap":{},"config":{"operationId":"dgfNTt6N60WFzX4PIzQK3Q","closePage":true},"disabledDuringExecution":true},"abortOnServerValidation":true}}}]}}]}}]}}]}}],"selections":[]'></div></m:argument></m:arguments></m:page>