﻿<?xml version='1.0' encoding='utf-8'?><m:page id='2453af16-a578-4187-8da5-f3b79c0ce5bc' xmlns='http://www.w3.org/1999/xhtml' title='Edit Account' cancelChangesOperationId='fL/d99lDQE68t3K/jAkGpw' closeButton='12.Administration.Account_Edit.cancelButton1' xmlns:m='http://schemas.mendix.com/forms/1.0'><m:parameters>["Account"]</m:parameters><m:layouts><m:layout path='Atlas_Core/PopupLayout.layout.xml'></m:layout></m:layouts><m:arguments><m:argument parameterName='0e9d1768-aaa3-4201-b4b6-32cc770100b2'><div data-mendix-id='12.Administration.Account_Edit.layoutGrid1' data-mendix-type='mxui.widget.ReactWidgetWrapper' data-mendix-props='"widgetTree":[{"$widgetId":"12.Administration.Account_Edit.layoutGrid1","widget":"Div","props":{"class":"mx-name-layoutGrid1 mx-layoutgrid mx-layoutgrid-fluid container-fluid","content":[{"$widgetId":"12.Administration.Account_Edit.layoutGrid1$row0","widget":"Div","props":{"class":"row","content":[{"$widgetId":"12.Administration.Account_Edit.layoutGrid1$row0$column0","widget":"Div","props":{"class":"col-lg col-md col","content":[{"$widgetId":"12.Administration.Account_Edit.dataView1","widget":"DataView","props":{"class":"mx-name-dataView1 form-horizontal","object":{"$type":"AssociationObjectProperty","dataSourceId":"12.18","scope":"$Account","editable":true},"emptyMessage":{"$type":"TextProperty","value":""},"body":[{"$widgetId":"12.Administration.Account_Edit.label4$visibility","widget":"ConditionalVisibilityWrapper","props":{"visible":{"$type":"ExpressionProperty","expression":{"expr":{"type":"function","name":"not","parameters":[{"type":"variable","variable":"currentObject","path":"IsLocalUser"}]},"args":{"currentObject":{"widget":"12.Administration.Account_Edit.dataView1","source":"object"}}}},"contents":[{"$widgetId":"12.Administration.Account_Edit.label4","widget":"Label","props":{"class":"mx-name-label4 alert alert-warning","style":{"width":"100%"},"id":{"$type":"DerivedUniqueIdProperty","widgetId":"12.Administration.Account_Edit.label4"},"caption":{"$type":"TextProperty","value":"Mendix AppCloud users are provisioned by the AppCloudServices module, any changes made in this form might get overwritten. "}}}]}},{"$widgetId":"12.Administration.Account_Edit.textBox6$formGroup","widget":"FormGroup","props":{"class":"mx-name-textBox6 mx-textbox","control":[{"$widgetId":"12.Administration.Account_Edit.textBox6","widget":"TextBox","props":{"inputValue":{"$type":"AttributeProperty","scope":"12.Administration.Account_Edit.dataView1","path":"","entity":"Administration.Account","attribute":"FullName","onChange":{"type":"doNothing","argMap":{},"config":{},"disabledDuringExecution":false},"validation":null,"formatting":{}},"isPassword":false,"placeholder":{"$type":"TextProperty","value":""},"mask":"","readOnlyStyle":"text","maxLength":200,"onEnter":null,"onLeave":null,"onEnterKeyPress":null,"autocomplete":"on","submitWhileEditing":false,"submitDelay":300,"id":{"$type":"DerivedUniqueIdProperty","widgetId":"12.Administration.Account_Edit.textBox6"}}}],"caption":{"$type":"ExpressionProperty","expression":{"expr":{"type":"literal","value":"Full name"},"args":{}}},"labelFor":{"$type":"DerivedUniqueIdProperty","widgetId":"12.Administration.Account_Edit.textBox6"},"width":3,"orientation":"horizontal","hasError":{"$type":"ValidationProperty","inputWidgetId":"12.Administration.Account_Edit.textBox6"}}},{"$widgetId":"12.Administration.Account_Edit.textBox9$formGroup$visibility","widget":"ConditionalVisibilityWrapper","props":{"visible":{"$type":"ExpressionProperty","expression":{"expr":{"type":"variable","variable":"currentObject","path":"IsLocalUser"},"args":{"currentObject":{"widget":"12.Administration.Account_Edit.dataView1","source":"object"}}}},"contents":[{"$widgetId":"12.Administration.Account_Edit.textBox9$formGroup","widget":"FormGroup","props":{"class":"mx-name-textBox9 mx-textbox","control":[{"$widgetId":"12.Administration.Account_Edit.textBox9","widget":"TextBox","props":{"inputValue":{"$type":"AttributeProperty","scope":"12.Administration.Account_Edit.dataView1","path":"","entity":"Administration.Account","attribute":"Name","onChange":{"type":"doNothing","argMap":{},"config":{},"disabledDuringExecution":false},"validation":null,"formatting":{}},"isPassword":false,"placeholder":{"$type":"TextProperty","value":""},"mask":"","readOnlyStyle":"text","maxLength":100,"onEnter":null,"onLeave":null,"onEnterKeyPress":null,"autocomplete":"on","submitWhileEditing":false,"submitDelay":300,"id":{"$type":"DerivedUniqueIdProperty","widgetId":"12.Administration.Account_Edit.textBox9"}}}],"caption":{"$type":"ExpressionProperty","expression":{"expr":{"type":"literal","value":"User name"},"args":{}}},"labelFor":{"$type":"DerivedUniqueIdProperty","widgetId":"12.Administration.Account_Edit.textBox9"},"width":3,"orientation":"horizontal","hasError":{"$type":"ValidationProperty","inputWidgetId":"12.Administration.Account_Edit.textBox9"}}}]}},{"$widgetId":"12.Administration.Account_Edit.textBox92$formGroup$visibility","widget":"ConditionalVisibilityWrapper","props":{"visible":{"$type":"ExpressionProperty","expression":{"expr":{"type":"variable","variable":"currentObject","path":"IsLocalUser"},"args":{"currentObject":{"widget":"12.Administration.Account_Edit.dataView1","source":"object"}}}},"contents":[{"$widgetId":"12.Administration.Account_Edit.textBox92$formGroup","widget":"FormGroup","props":{"class":"mx-name-textBox92 mx-textbox","control":[{"$widgetId":"12.Administration.Account_Edit.textBox92","widget":"TextBox","props":{"inputValue":{"$type":"AttributeProperty","scope":"12.Administration.Account_Edit.dataView1","path":"","entity":"Administration.Account","attribute":"Name","onChange":{"type":"doNothing","argMap":{},"config":{},"disabledDuringExecution":false},"isEditable":{"expr":{"type":"literal","value":false},"args":{}},"validation":null,"formatting":{}},"isPassword":false,"placeholder":{"$type":"TextProperty","value":""},"mask":"","readOnlyStyle":"text","maxLength":100,"onEnter":null,"onLeave":null,"onEnterKeyPress":null,"autocomplete":"on","submitWhileEditing":false,"submitDelay":300,"id":{"$type":"DerivedUniqueIdProperty","widgetId":"12.Administration.Account_Edit.textBox92"}}}],"caption":{"$type":"ExpressionProperty","expression":{"expr":{"type":"literal","value":"OpenID"},"args":{}}},"labelFor":{"$type":"DerivedUniqueIdProperty","widgetId":"12.Administration.Account_Edit.textBox92"},"width":3,"orientation":"horizontal","hasError":{"$type":"ValidationProperty","inputWidgetId":"12.Administration.Account_Edit.textBox92"}}}]}},{"$widgetId":"12.Administration.Account_Edit.comboBox2$formGroup","widget":"FormGroup","props":{"class":"mx-name-comboBox2","control":[{"$widgetId":"12.Administration.Account_Edit.comboBox2","widget":"com.mendix.widget.web.combobox.Combobox","props":{"optionsSourceType":"association","attributeAssociation":{"$type":"AssociationProperty","type":"ReferenceSet","entity":"Administration.Account","path":"","attribute":"System.UserRoles","endpointEntity":"System.UserRole","selectableObjectsId":"12.3","scope":"12.Administration.Account_Edit.dataView1","onChange":{"type":"doNothing","argMap":{},"config":{},"disabledDuringExecution":false}},"optionsSourceAssociationDataSource":{"$type":"DatabaseObjectListProperty","dataSourceId":"12.3","entity":"System.UserRole","scope":"12.Administration.Account_Edit.dataView1","operationId":"32WYmhSAIUKcYoFpBNW2Rg","sort":[["Name","asc"]],"constraints":{"type":"function","name":"=","parameters":[{"type":"attribute","attribute":"System.grantableRoles","attributeType":"ObjectReferenceSet"},{"type":"token","name":"currentUser"}]}},"optionsSourceAssociationCaptionType":"attribute","optionsSourceAssociationCaptionAttribute":{"$type":"ListAttributeProperty","path":"","entity":"System.UserRole","attribute":"Name","attributeType":"String","sortable":true,"filterable":true,"dataSourceId":"12.3"},"emptyOptionText":{"$type":"ExpressionProperty","expression":{"expr":{"type":"literal","value":""},"args":{}}},"filterType":"contains","noOptionsText":{"$type":"ExpressionProperty","expression":{"expr":{"type":"literal","value":""},"args":{}}},"clearable":true,"optionsSourceAssociationCustomContentType":"no","optionsSourceAssociationCustomContent":null,"showFooter":false,"menuFooterContent":null,"selectionMethod":"checkbox","selectedItemsStyle":"text","selectAllButton":false,"selectAllButtonCaption":{"$type":"ExpressionProperty","expression":{"expr":{"type":"literal","value":"Select all"},"args":{}}},"onChangeEvent":null,"onEnterEvent":null,"onLeaveEvent":null,"ariaRequired":false,"clearButtonAriaLabel":{"$type":"ExpressionProperty","expression":{"expr":{"type":"literal","value":"Clear selection"},"args":{}}},"removeValueAriaLabel":{"$type":"ExpressionProperty","expression":{"expr":{"type":"literal","value":"Remove value"},"args":{}}},"a11ySelectedValue":{"$type":"ExpressionProperty","expression":{"expr":{"type":"literal","value":"Selected value:"},"args":{}}},"a11yOptionsAvailable":{"$type":"ExpressionProperty","expression":{"expr":{"type":"literal","value":"Number of options available:"},"args":{}}},"a11yInstructions":{"$type":"ExpressionProperty","expression":{"expr":{"type":"literal","value":"Use up and down arrow keys to navigate. Press Enter or Space Bar keys to select."},"args":{}}},"source":"context","optionsSourceDatabaseCaptionType":"attribute","optionsSourceStaticDataSource":[],"optionsSourceDatabaseCustomContentType":"no","staticDataSourceCustomContentType":"no","id":{"$type":"DerivedUniqueIdProperty","widgetId":"12.Administration.Account_Edit.comboBox2"}}}],"caption":{"$type":"ExpressionProperty","expression":{"expr":{"type":"literal","value":"User role(s)"},"args":{}}},"labelFor":{"$type":"DerivedUniqueIdProperty","widgetId":"12.Administration.Account_Edit.comboBox2"},"width":3,"orientation":"horizontal","hasError":{"$type":"ValidationProperty","inputWidgetId":"12.Administration.Account_Edit.comboBox2"}}},{"$widgetId":"12.Administration.Account_Edit.checkBox1$formGroup","widget":"FormGroup","props":{"class":"mx-name-checkBox1 mx-checkbox","control":[{"$widgetId":"12.Administration.Account_Edit.checkBox1","widget":"CheckBox","props":{"value":{"$type":"AttributeProperty","scope":"12.Administration.Account_Edit.dataView1","path":"","entity":"Administration.Account","attribute":"Blocked","onChange":{"type":"doNothing","argMap":{},"config":{},"disabledDuringExecution":false},"validation":null},"readOnlyStyle":"text","onEnter":null,"onLeave":null,"id":{"$type":"DerivedUniqueIdProperty","widgetId":"12.Administration.Account_Edit.checkBox1"}}}],"caption":{"$type":"ExpressionProperty","expression":{"expr":{"type":"literal","value":"Blocked"},"args":{}}},"labelFor":{"$type":"DerivedUniqueIdProperty","widgetId":"12.Administration.Account_Edit.checkBox1"},"width":3,"orientation":"horizontal","hasError":{"$type":"ValidationProperty","inputWidgetId":"12.Administration.Account_Edit.checkBox1"}}},{"$widgetId":"12.Administration.Account_Edit.checkBox2$formGroup","widget":"FormGroup","props":{"class":"mx-name-checkBox2 mx-checkbox","control":[{"$widgetId":"12.Administration.Account_Edit.checkBox2","widget":"CheckBox","props":{"value":{"$type":"AttributeProperty","scope":"12.Administration.Account_Edit.dataView1","path":"","entity":"Administration.Account","attribute":"Active","onChange":{"type":"doNothing","argMap":{},"config":{},"disabledDuringExecution":false},"validation":null},"readOnlyStyle":"text","onEnter":null,"onLeave":null,"id":{"$type":"DerivedUniqueIdProperty","widgetId":"12.Administration.Account_Edit.checkBox2"}}}],"caption":{"$type":"ExpressionProperty","expression":{"expr":{"type":"literal","value":"Active"},"args":{}}},"labelFor":{"$type":"DerivedUniqueIdProperty","widgetId":"12.Administration.Account_Edit.checkBox2"},"width":3,"orientation":"horizontal","hasError":{"$type":"ValidationProperty","inputWidgetId":"12.Administration.Account_Edit.checkBox2"}}},{"$widgetId":"12.Administration.Account_Edit.comboBox3$formGroup","widget":"FormGroup","props":{"class":"mx-name-comboBox3","control":[{"$widgetId":"12.Administration.Account_Edit.comboBox3","widget":"com.mendix.widget.web.combobox.Combobox","props":{"optionsSourceType":"association","attributeAssociation":{"$type":"AssociationProperty","type":"Reference","entity":"Administration.Account","path":"","attribute":"System.User_Language","endpointEntity":"System.Language","selectableObjectsId":"12.4","scope":"12.Administration.Account_Edit.dataView1","onChange":{"type":"doNothing","argMap":{},"config":{},"disabledDuringExecution":false}},"optionsSourceAssociationDataSource":{"$type":"DatabaseObjectListProperty","dataSourceId":"12.4","entity":"System.Language","scope":"12.Administration.Account_Edit.dataView1","operationId":"ryn5GBf3JUmzUHLgH3/EzQ","sort":[]},"optionsSourceAssociationCaptionType":"attribute","optionsSourceAssociationCaptionAttribute":{"$type":"ListAttributeProperty","path":"","entity":"System.Language","attribute":"Description","attributeType":"String","sortable":true,"filterable":true,"dataSourceId":"12.4"},"emptyOptionText":{"$type":"ExpressionProperty","expression":{"expr":{"type":"literal","value":""},"args":{}}},"filterType":"contains","noOptionsText":{"$type":"ExpressionProperty","expression":{"expr":{"type":"literal","value":""},"args":{}}},"clearable":true,"optionsSourceAssociationCustomContentType":"no","optionsSourceAssociationCustomContent":null,"showFooter":false,"menuFooterContent":null,"selectionMethod":"checkbox","selectedItemsStyle":"text","selectAllButton":false,"selectAllButtonCaption":{"$type":"ExpressionProperty","expression":{"expr":{"type":"literal","value":"Select all"},"args":{}}},"onChangeEvent":null,"onEnterEvent":null,"onLeaveEvent":null,"ariaRequired":false,"clearButtonAriaLabel":{"$type":"ExpressionProperty","expression":{"expr":{"type":"literal","value":"Clear selection"},"args":{}}},"removeValueAriaLabel":{"$type":"ExpressionProperty","expression":{"expr":{"type":"literal","value":"Remove value"},"args":{}}},"a11ySelectedValue":{"$type":"ExpressionProperty","expression":{"expr":{"type":"literal","value":"Selected value:"},"args":{}}},"a11yOptionsAvailable":{"$type":"ExpressionProperty","expression":{"expr":{"type":"literal","value":"Number of options available:"},"args":{}}},"a11yInstructions":{"$type":"ExpressionProperty","expression":{"expr":{"type":"literal","value":"Use up and down arrow keys to navigate. Press Enter or Space Bar keys to select."},"args":{}}},"source":"context","optionsSourceDatabaseCaptionType":"attribute","optionsSourceStaticDataSource":[],"optionsSourceDatabaseCustomContentType":"no","staticDataSourceCustomContentType":"no","id":{"$type":"DerivedUniqueIdProperty","widgetId":"12.Administration.Account_Edit.comboBox3"}}}],"caption":{"$type":"ExpressionProperty","expression":{"expr":{"type":"literal","value":"Language"},"args":{}}},"labelFor":{"$type":"DerivedUniqueIdProperty","widgetId":"12.Administration.Account_Edit.comboBox3"},"width":3,"orientation":"horizontal","hasError":{"$type":"ValidationProperty","inputWidgetId":"12.Administration.Account_Edit.comboBox3"}}},{"$widgetId":"12.Administration.Account_Edit.comboBox4$formGroup","widget":"FormGroup","props":{"class":"mx-name-comboBox4","control":[{"$widgetId":"12.Administration.Account_Edit.comboBox4","widget":"com.mendix.widget.web.combobox.Combobox","props":{"optionsSourceType":"association","attributeAssociation":{"$type":"AssociationProperty","type":"Reference","entity":"Administration.Account","path":"","attribute":"System.User_TimeZone","endpointEntity":"System.TimeZone","selectableObjectsId":"12.5","scope":"12.Administration.Account_Edit.dataView1","onChange":{"type":"doNothing","argMap":{},"config":{},"disabledDuringExecution":false}},"optionsSourceAssociationDataSource":{"$type":"DatabaseObjectListProperty","dataSourceId":"12.5","entity":"System.TimeZone","scope":"12.Administration.Account_Edit.dataView1","operationId":"ZvqlrIpwF02HYbIvdbp/GQ","sort":[["RawOffset","asc"],["Description","asc"]]},"optionsSourceAssociationCaptionType":"expression","optionsSourceAssociationCaptionExpression":{"$type":"ListExpressionProperty","expression":{"expr":{"type":"variable","variable":"currentObject","path":"Description"},"args":{"currentObject":{"widget":"12.Administration.Account_Edit.comboBox4","source":"object"}}},"dataSourceId":"12.5"},"emptyOptionText":{"$type":"ExpressionProperty","expression":{"expr":{"type":"literal","value":""},"args":{}}},"filterType":"contains","noOptionsText":{"$type":"ExpressionProperty","expression":{"expr":{"type":"literal","value":""},"args":{}}},"clearable":true,"optionsSourceAssociationCustomContentType":"no","optionsSourceAssociationCustomContent":null,"showFooter":false,"menuFooterContent":null,"selectionMethod":"checkbox","selectedItemsStyle":"text","selectAllButton":false,"selectAllButtonCaption":{"$type":"ExpressionProperty","expression":{"expr":{"type":"literal","value":"Select all"},"args":{}}},"onChangeEvent":null,"onEnterEvent":null,"onLeaveEvent":null,"ariaRequired":false,"clearButtonAriaLabel":{"$type":"ExpressionProperty","expression":{"expr":{"type":"literal","value":"Clear selection"},"args":{}}},"removeValueAriaLabel":{"$type":"ExpressionProperty","expression":{"expr":{"type":"literal","value":"Remove value"},"args":{}}},"a11ySelectedValue":{"$type":"ExpressionProperty","expression":{"expr":{"type":"literal","value":"Selected value:"},"args":{}}},"a11yOptionsAvailable":{"$type":"ExpressionProperty","expression":{"expr":{"type":"literal","value":"Number of options available:"},"args":{}}},"a11yInstructions":{"$type":"ExpressionProperty","expression":{"expr":{"type":"literal","value":"Use up and down arrow keys to navigate. Press Enter or Space Bar keys to select."},"args":{}}},"source":"context","optionsSourceDatabaseCaptionType":"attribute","optionsSourceStaticDataSource":[],"optionsSourceDatabaseCustomContentType":"no","staticDataSourceCustomContentType":"no","id":{"$type":"DerivedUniqueIdProperty","widgetId":"12.Administration.Account_Edit.comboBox4"}}}],"caption":{"$type":"ExpressionProperty","expression":{"expr":{"type":"literal","value":"Time zone"},"args":{}}},"labelFor":{"$type":"DerivedUniqueIdProperty","widgetId":"12.Administration.Account_Edit.comboBox4"},"width":3,"orientation":"horizontal","hasError":{"$type":"ValidationProperty","inputWidgetId":"12.Administration.Account_Edit.comboBox4"}}},{"$widgetId":"12.Administration.Account_Edit.microflowTrigger1$visibility","widget":"ConditionalVisibilityWrapper","props":{"visible":{"$type":"ExpressionProperty","expression":{"expr":{"type":"conditional","condition":{"type":"variable","variable":"currentObject","path":"IsLocalUser"},"then":{"type":"function","name":"_hasSomeRole","parameters":[{"type":"literal","value":"Administrator"}]},"else":{"type":"literal","value":false}},"args":{"currentObject":{"widget":"12.Administration.Account_Edit.dataView1","source":"object"}}}},"contents":[{"$widgetId":"12.Administration.Account_Edit.microflowTrigger1","widget":"ActionButton","props":{"buttonId":"12.Administration.Account_Edit.microflowTrigger1","class":"mx-name-microflowTrigger1","renderType":"button","buttonClass":"btn-default","caption":{"$type":"ExpressionProperty","expression":{"expr":{"type":"literal","value":"Change password"},"args":{}}},"tooltip":{"$type":"TextProperty","value":""},"action":{"$type":"ActionProperty","action":{"type":"callMicroflow","argMap":{"Account":{"widget":"$Account","source":"object"}},"config":{"operationId":"60kySZt0z1Snas397avB7A","allowedRoles":["Administrator"]},"disabledDuringExecution":false},"abortOnServerValidation":true}}}]}}],"hideFooter":false,"footer":[{"$widgetId":"12.Administration.Account_Edit.saveButton1","widget":"ActionButton","props":{"buttonId":"12.Administration.Account_Edit.saveButton1","class":"mx-name-saveButton1","renderType":"button","buttonClass":"btn-success","caption":{"$type":"ExpressionProperty","expression":{"expr":{"type":"literal","value":"Save"},"args":{}}},"tooltip":{"$type":"TextProperty","value":""},"action":{"$type":"ActionProperty","action":{"type":"saveChanges","argMap":{"$object":{"widget":"12.Administration.Account_Edit.dataView1","source":"object"}},"config":{"operationId":"9Njg5ldh2UqXK5EJhssYGw","closePage":true},"disabledDuringExecution":true},"abortOnServerValidation":true}}},{"$widgetId":"12.Administration.Account_Edit.cancelButton1","widget":"ActionButton","props":{"buttonId":"12.Administration.Account_Edit.cancelButton1","class":"mx-name-cancelButton1","renderType":"button","buttonClass":"btn-default","caption":{"$type":"ExpressionProperty","expression":{"expr":{"type":"literal","value":"Cancel"},"args":{}}},"tooltip":{"$type":"TextProperty","value":""},"action":{"$type":"ActionProperty","action":{"type":"cancelChanges","argMap":{},"config":{"operationId":"x9uyvaN1NUOYTRal96KAag","closePage":true},"disabledDuringExecution":true},"abortOnServerValidation":true}}}]}}]}}]}}]}}],"selections":[]'></div></m:argument></m:arguments></m:page>