﻿<?xml version='1.0' encoding='utf-8'?><m:page id='041da0d2-8110-4202-82fe-1e95b731c859' xmlns='http://www.w3.org/1999/xhtml' title='Accounts' class='layout-atlas layout-atlas-responsive-default page-tabs page-tabs-fullwidth' xmlns:m='http://schemas.mendix.com/forms/1.0'><m:parameters>[]</m:parameters><m:layouts><m:layout path='Atlas_Core/Atlas_Default.layout.xml'></m:layout></m:layouts><m:arguments><m:argument parameterName='fc4ceaa6-4bfe-4e11-b573-52bbfb07121b'><div data-mendix-id='2.Administration.Account_Overview.container1' data-mendix-type='mxui.widget.ReactWidgetWrapper' data-mendix-props='"widgetTree":[{"$widgetId":"2.Administration.Account_Overview.container1","widget":"Container","props":{"class":"mx-name-container1 pageheader pageheader-fullwidth","renderMode":"div","onClick":null,"content":[{"$widgetId":"2.Administration.Account_Overview.layoutGrid1","widget":"Div","props":{"class":"mx-name-layoutGrid1 mx-layoutgrid mx-layoutgrid-fluid container-fluid","content":[{"$widgetId":"2.Administration.Account_Overview.layoutGrid1$row0","widget":"Div","props":{"class":"row","content":[{"$widgetId":"2.Administration.Account_Overview.layoutGrid1$row0$column0","widget":"Div","props":{"class":"col-lg-12 col-md-12 col-12","content":[{"$widgetId":"2.Administration.Account_Overview.label1","widget":"Text","props":{"class":"mx-name-label1 pageheader-title","caption":{"$type":"ExpressionProperty","expression":{"expr":{"type":"literal","value":"Account Overview"},"args":{}}},"renderMode":"h2"}},{"$widgetId":"2.Administration.Account_Overview.label2","widget":"Text","props":{"class":"mx-name-label2 pageheader-subtitle","caption":{"$type":"ExpressionProperty","expression":{"expr":{"type":"literal","value":"These are the local users of your app. Please note that only these users should be managed in this app. MendixSSO users are provisioned by the MendixSSO module and should be managed from the App User Management screen (Developer Portal &gt; General Settings &gt; Manage App Users)."},"args":{}}},"renderMode":"h4"}}]}}]}}]}}],"ariaHidden":false}}],"selections":[]'></div><div data-mendix-id='2.Administration.Account_Overview.layoutGrid4' data-mendix-type='mxui.widget.ReactWidgetWrapper' data-mendix-props='"widgetTree":[{"$widgetId":"2.Administration.Account_Overview.layoutGrid4","widget":"Div","props":{"class":"mx-name-layoutGrid4 mx-layoutgrid mx-layoutgrid-fluid container-fluid","content":[{"$widgetId":"2.Administration.Account_Overview.layoutGrid4$row0","widget":"Div","props":{"class":"row","content":[{"$widgetId":"2.Administration.Account_Overview.layoutGrid4$row0$column0","widget":"Div","props":{"class":"col-lg-12 col-md-12 col-12","content":[{"$widgetId":"2.Administration.Account_Overview.tabControl","widget":"TabContainer","props":{"class":"mx-name-tabControl tabsfullwidth","widgetId":"2.Administration.Account_Overview.tabControl","defaultTab":0,"tabs":[{"name":"tabPage2","caption":{"$type":"TextProperty","value":"Local Users"},"isDelayed":false,"refreshOnShow":false,"content":[{"$widgetId":"2.Administration.Account_Overview.dataGrid21","widget":"com.mendix.widget.web.datagrid.Datagrid","props":{"advanced":false,"datasource":{"$type":"DatabaseObjectListProperty","dataSourceId":"2.14","entity":"Administration.Account","operationId":"FMhIyMJu7UqKAA/10Bc2OA","sort":[["FullName","asc"]],"constraints":{"type":"function","name":"and","parameters":[{"type":"function","name":"or","parameters":[{"type":"function","name":"=","parameters":[{"type":"attribute","attribute":"System.UserRoles","attributeType":"ObjectReferenceSet"},{"type":"token","name":"currentUser"}]},{"type":"function","name":"not","parameters":[{"type":"attribute","attribute":"System.UserRoles","attributeType":"ObjectReferenceSet"}]}]},{"type":"function","name":"!=","parameters":[{"type":"attribute","attribute":"Name","attributeType":"String"},{"type":"literal","value":null}]}]}},"refreshInterval":0,"itemSelectionMethod":"checkbox","showSelectAllToggle":true,"columns":[{"showContentAs":"attribute","attribute":{"$type":"ListAttributeProperty","path":"","entity":"Administration.Account","attribute":"FullName","attributeType":"String","sortable":true,"filterable":true,"dataSourceId":"2.14"},"content":null,"dynamicText":null,"header":{"$type":"ExpressionProperty","expression":{"expr":{"type":"literal","value":"Full name"},"args":{}}},"tooltip":null,"filter":[{"$widgetId":"2.Administration.Account_Overview.textFilter1","widget":"com.mendix.widget.web.datagridtextfilter.DatagridTextFilter","props":{"advanced":false,"defaultFilter":"contains","placeholder":{"$type":"ExpressionProperty","expression":{"expr":{"type":"literal","value":""},"args":{}}},"adjustable":true,"delay":500,"onChange":null,"screenReaderButtonCaption":{"$type":"ExpressionProperty","expression":{"expr":{"type":"literal","value":""},"args":{}}},"screenReaderInputCaption":{"$type":"ExpressionProperty","expression":{"expr":{"type":"literal","value":""},"args":{}}},"class":"mx-name-textFilter1"}}],"visible":{"$type":"ExpressionProperty","expression":{"expr":{"type":"literal","value":true},"args":{}}},"sortable":true,"resizable":true,"draggable":true,"hidable":"yes","width":"autoFill","size":1,"alignment":"left","wrapText":false,"minWidth":"auto","minWidthLimit":100,"allowEventPropagation":true},{"showContentAs":"attribute","attribute":{"$type":"ListAttributeProperty","path":"","entity":"Administration.Account","attribute":"Name","attributeType":"String","sortable":true,"filterable":true,"dataSourceId":"2.14"},"content":null,"dynamicText":null,"header":{"$type":"ExpressionProperty","expression":{"expr":{"type":"literal","value":"Login"},"args":{}}},"tooltip":null,"filter":[{"$widgetId":"2.Administration.Account_Overview.textFilter2","widget":"com.mendix.widget.web.datagridtextfilter.DatagridTextFilter","props":{"advanced":false,"defaultFilter":"contains","placeholder":{"$type":"ExpressionProperty","expression":{"expr":{"type":"literal","value":""},"args":{}}},"adjustable":true,"delay":500,"onChange":null,"screenReaderButtonCaption":{"$type":"ExpressionProperty","expression":{"expr":{"type":"literal","value":""},"args":{}}},"screenReaderInputCaption":{"$type":"ExpressionProperty","expression":{"expr":{"type":"literal","value":""},"args":{}}},"class":"mx-name-textFilter2"}}],"visible":{"$type":"ExpressionProperty","expression":{"expr":{"type":"literal","value":true},"args":{}}},"sortable":true,"resizable":true,"draggable":true,"hidable":"yes","width":"autoFill","size":1,"alignment":"left","wrapText":false,"minWidth":"auto","minWidthLimit":100,"allowEventPropagation":true},{"showContentAs":"customContent","content":{"dataSourceId":"2.14","$template":[{"$widgetId":"2.Administration.Account_Overview.listView1","widget":"ListView","props":{"class":"mx-name-listView1 mx-administration-lv-dg-list listview-stylingless","listValue":{"$type":"AssociationObjectListProperty","dataSourceId":"2.15","entity":"System.UserRole","scope":"2.Administration.Account_Overview.dataGrid21","operationId":"HGlM0ETYSUm9gBjo4hNM/Q","directPath":"System.UserRoles/System.UserRole"},"itemTemplate":{"dataSourceId":"2.15","$template":[{"$widgetId":"2.Administration.Account_Overview.text1","widget":"Text","props":{"class":"mx-name-text1","caption":{"$type":"ExpressionProperty","expression":{"expr":{"type":"variable","variable":"currentObject","path":"Name"},"args":{"currentObject":{"widget":"2.Administration.Account_Overview.listView1","source":"object"}}}},"renderMode":"span"}}],"editable":false},"onClick":null,"pageSize":5}}],"editable":false},"dynamicText":null,"header":{"$type":"ExpressionProperty","expression":{"expr":{"type":"literal","value":"Roles"},"args":{}}},"tooltip":null,"filter":[{"$widgetId":"2.Administration.Account_Overview.drop_downFilter1","widget":"com.mendix.widget.web.datagriddropdownfilter.DatagridDropdownFilter","props":{"auto":true,"advanced":false,"filterOptions":[],"emptyOptionCaption":{"$type":"ExpressionProperty","expression":{"expr":{"type":"literal","value":""},"args":{}}},"multiSelect":true,"onChange":null,"ariaLabel":{"$type":"ExpressionProperty","expression":{"expr":{"type":"literal","value":""},"args":{}}},"class":"mx-name-drop_downFilter1"}}],"filterAssociation":{"$type":"ListAssociationProperty","type":"ReferenceSet","entity":null,"path":"","attribute":"System.UserRoles","endpointEntity":"System.UserRole","selectableObjectsId":"2.16","filterable":true,"dataSourceId":"2.14"},"filterAssociationOptions":{"$type":"DatabaseObjectListProperty","dataSourceId":"2.16","entity":"System.UserRole","operationId":"nNjnJpBFKkWLCy0ySzx59Q","sort":[["Name","asc"]]},"filterAssociationOptionLabel":{"$type":"ListExpressionProperty","expression":{"expr":{"type":"variable","variable":"currentObject","path":"Name"},"args":{"currentObject":{"widget":"2.Administration.Account_Overview.dataGrid21","source":"object"}}},"dataSourceId":"2.16"},"visible":{"$type":"ExpressionProperty","expression":{"expr":{"type":"literal","value":true},"args":{}}},"sortable":false,"resizable":true,"draggable":true,"hidable":"yes","width":"autoFill","size":1,"alignment":"left","wrapText":false,"minWidth":"auto","minWidthLimit":100,"allowEventPropagation":true},{"showContentAs":"dynamicText","attribute":{"$type":"ListAttributeProperty","path":"","entity":"Administration.Account","attribute":"LastLogin","attributeType":"DateTime","sortable":true,"filterable":true,"dataSourceId":"2.14"},"content":null,"dynamicText":{"$type":"ListExpressionProperty","expression":{"expr":{"type":"function","name":"_format","parameters":[{"type":"variable","variable":"currentObject","path":"LastLogin"},{"type":"literal","value":"{\"type\":\"datetime\"}"}]},"args":{"currentObject":{"widget":"2.Administration.Account_Overview.dataGrid21","source":"object"}}},"dataSourceId":"2.14"},"header":{"$type":"ExpressionProperty","expression":{"expr":{"type":"literal","value":"Last login"},"args":{}}},"tooltip":null,"filter":[{"$widgetId":"2.Administration.Account_Overview.dateFilter1","widget":"com.mendix.widget.web.datagriddatefilter.DatagridDateFilter","props":{"advanced":false,"defaultFilter":"equal","placeholder":{"$type":"ExpressionProperty","expression":{"expr":{"type":"literal","value":""},"args":{}}},"adjustable":true,"onChange":null,"screenReaderButtonCaption":{"$type":"ExpressionProperty","expression":{"expr":{"type":"literal","value":""},"args":{}}},"screenReaderCalendarCaption":{"$type":"ExpressionProperty","expression":{"expr":{"type":"literal","value":""},"args":{}}},"screenReaderInputCaption":{"$type":"ExpressionProperty","expression":{"expr":{"type":"literal","value":""},"args":{}}},"class":"mx-name-dateFilter1"}}],"visible":{"$type":"ExpressionProperty","expression":{"expr":{"type":"literal","value":true},"args":{}}},"sortable":true,"resizable":true,"draggable":true,"hidable":"yes","width":"autoFill","size":1,"alignment":"left","wrapText":false,"minWidth":"auto","minWidthLimit":100,"allowEventPropagation":true},{"showContentAs":"customContent","attribute":{"$type":"ListAttributeProperty","path":"","entity":"Administration.Account","attribute":"Active","attributeType":"Boolean","sortable":true,"filterable":true,"dataSourceId":"2.14"},"content":{"dataSourceId":"2.14","$template":[{"$widgetId":"2.Administration.Account_Overview.text2$visibility","widget":"ConditionalVisibilityWrapper","props":{"visible":{"$type":"ExpressionProperty","expression":{"expr":{"type":"variable","variable":"currentObject","path":"Active"},"args":{"currentObject":{"widget":"2.Administration.Account_Overview.dataGrid21","source":"object"}}}},"contents":[{"$widgetId":"2.Administration.Account_Overview.text2","widget":"Text","props":{"class":"mx-name-text2 badge label-success","caption":{"$type":"ExpressionProperty","expression":{"expr":{"type":"literal","value":"Active"},"args":{}}},"renderMode":"span"}}]}},{"$widgetId":"2.Administration.Account_Overview.text3$visibility","widget":"ConditionalVisibilityWrapper","props":{"visible":{"$type":"ExpressionProperty","expression":{"expr":{"type":"function","name":"not","parameters":[{"type":"variable","variable":"currentObject","path":"Active"}]},"args":{"currentObject":{"widget":"2.Administration.Account_Overview.dataGrid21","source":"object"}}}},"contents":[{"$widgetId":"2.Administration.Account_Overview.text3","widget":"Text","props":{"class":"mx-name-text3 badge label-secondary","caption":{"$type":"ExpressionProperty","expression":{"expr":{"type":"literal","value":"Inactive"},"args":{}}},"renderMode":"span"}}]}}],"editable":false},"dynamicText":null,"header":{"$type":"ExpressionProperty","expression":{"expr":{"type":"literal","value":"Active"},"args":{}}},"tooltip":null,"filter":[{"$widgetId":"2.Administration.Account_Overview.drop_downFilter2","widget":"com.mendix.widget.web.datagriddropdownfilter.DatagridDropdownFilter","props":{"auto":true,"advanced":false,"filterOptions":[],"emptyOptionCaption":{"$type":"ExpressionProperty","expression":{"expr":{"type":"literal","value":""},"args":{}}},"multiSelect":false,"onChange":null,"ariaLabel":{"$type":"ExpressionProperty","expression":{"expr":{"type":"literal","value":""},"args":{}}},"class":"mx-name-drop_downFilter2"}}],"visible":{"$type":"ExpressionProperty","expression":{"expr":{"type":"literal","value":true},"args":{}}},"sortable":true,"resizable":true,"draggable":true,"hidable":"yes","width":"autoFill","size":1,"alignment":"left","wrapText":false,"minWidth":"auto","minWidthLimit":100,"allowEventPropagation":true},{"showContentAs":"attribute","attribute":{"$type":"ListAttributeProperty","path":"","entity":"Administration.Account","attribute":"WebServiceUser","attributeType":"Boolean","sortable":true,"filterable":true,"dataSourceId":"2.14"},"content":null,"dynamicText":null,"header":{"$type":"ExpressionProperty","expression":{"expr":{"type":"literal","value":"Web service user"},"args":{}}},"tooltip":null,"filter":[{"$widgetId":"2.Administration.Account_Overview.drop_downFilter3","widget":"com.mendix.widget.web.datagriddropdownfilter.DatagridDropdownFilter","props":{"auto":true,"advanced":false,"filterOptions":[],"emptyOptionCaption":{"$type":"ExpressionProperty","expression":{"expr":{"type":"literal","value":""},"args":{}}},"multiSelect":false,"onChange":null,"ariaLabel":{"$type":"ExpressionProperty","expression":{"expr":{"type":"literal","value":""},"args":{}}},"class":"mx-name-drop_downFilter3"}}],"visible":{"$type":"ExpressionProperty","expression":{"expr":{"type":"literal","value":true},"args":{}}},"sortable":true,"resizable":true,"draggable":true,"hidable":"yes","width":"autoFill","size":1,"alignment":"left","wrapText":false,"minWidth":"auto","minWidthLimit":100,"allowEventPropagation":true},{"showContentAs":"attribute","attribute":{"$type":"ListAttributeProperty","path":"","entity":"Administration.Account","attribute":"IsLocalUser","attributeType":"Boolean","sortable":true,"filterable":true,"dataSourceId":"2.14"},"content":null,"dynamicText":null,"header":{"$type":"ExpressionProperty","expression":{"expr":{"type":"literal","value":"Local"},"args":{}}},"tooltip":null,"filter":[{"$widgetId":"2.Administration.Account_Overview.drop_downFilter4","widget":"com.mendix.widget.web.datagriddropdownfilter.DatagridDropdownFilter","props":{"auto":true,"advanced":false,"filterOptions":[],"emptyOptionCaption":{"$type":"ExpressionProperty","expression":{"expr":{"type":"literal","value":""},"args":{}}},"multiSelect":false,"onChange":null,"ariaLabel":{"$type":"ExpressionProperty","expression":{"expr":{"type":"literal","value":""},"args":{}}},"class":"mx-name-drop_downFilter4"}}],"visible":{"$type":"ExpressionProperty","expression":{"expr":{"type":"literal","value":true},"args":{}}},"sortable":true,"resizable":true,"draggable":true,"hidable":"yes","width":"autoFill","size":1,"alignment":"left","wrapText":false,"minWidth":"auto","minWidthLimit":100,"allowEventPropagation":true},{"showContentAs":"customContent","attribute":{"$type":"ListAttributeProperty","path":"","entity":"Administration.Account","attribute":"FullName","attributeType":"String","sortable":true,"filterable":true,"dataSourceId":"2.14"},"content":{"dataSourceId":"2.14","$template":[{"$widgetId":"2.Administration.Account_Overview.actionButton3$visibility","widget":"ConditionalVisibilityWrapper","props":{"visible":{"$type":"ExpressionProperty","expression":{"expr":{"type":"function","name":"_hasSomeRole","parameters":[{"type":"literal","value":"Administrator"}]},"args":{}}},"contents":[{"$widgetId":"2.Administration.Account_Overview.actionButton3","widget":"ActionButton","props":{"buttonId":"2.Administration.Account_Overview.actionButton3","class":"mx-name-actionButton3 btn-lg","renderType":"link","role":"button","buttonClass":"btn-default","caption":{"$type":"ExpressionProperty","expression":{"expr":{"type":"literal","value":""},"args":{}}},"tooltip":{"$type":"TextProperty","value":""},"icon":{"$type":"IconProperty","icon":{"type":"icon","iconClass":"mx-icon-filled mx-icon-pencil"}},"action":{"$type":"ActionProperty","action":{"type":"openPage","argMap":{"param$Account":{"widget":"2.Administration.Account_Overview.dataGrid21","source":"object"}},"config":{"name":"Administration/Account_Edit.page.xml","location":"modal","resizable":true,"allowedRoles":["Administrator"]},"disabledDuringExecution":true},"abortOnServerValidation":true}}}]}},{"$widgetId":"2.Administration.Account_Overview.actionButton4$visibility","widget":"ConditionalVisibilityWrapper","props":{"visible":{"$type":"ExpressionProperty","expression":{"expr":{"type":"function","name":"_hasSomeRole","parameters":[{"type":"literal","value":"Administrator"}]},"args":{}}},"contents":[{"$widgetId":"2.Administration.Account_Overview.actionButton4","widget":"ActionButton","props":{"buttonId":"2.Administration.Account_Overview.actionButton4","class":"mx-name-actionButton4 btn-lg spacing-outer-left-medium","renderType":"link","role":"button","buttonClass":"btn-default","caption":{"$type":"ExpressionProperty","expression":{"expr":{"type":"literal","value":""},"args":{}}},"tooltip":{"$type":"TextProperty","value":""},"icon":{"$type":"IconProperty","icon":{"type":"icon","iconClass":"mx-icon-filled mx-icon-trash-can"}},"action":{"$type":"ActionProperty","action":{"type":"deleteObject","argMap":{"$object":{"widget":"2.Administration.Account_Overview.dataGrid21","source":"object"}},"config":{"closePage":false,"operationId":"cxN1pGaU/0GU/Ex8wu7LBQ"},"disabledDuringExecution":true},"abortOnServerValidation":true}}}]}}],"editable":false},"dynamicText":null,"header":{"$type":"ExpressionProperty","expression":{"expr":{"type":"literal","value":" "},"args":{}}},"tooltip":null,"filter":null,"visible":{"$type":"ExpressionProperty","expression":{"expr":{"type":"literal","value":true},"args":{}}},"sortable":false,"resizable":true,"draggable":true,"hidable":"no","width":"autoFit","size":1,"alignment":"left","wrapText":false,"minWidth":"auto","minWidthLimit":100,"allowEventPropagation":true}],"columnsFilterable":true,"pageSize":20,"pagination":"buttons","pagingPosition":"bottom","showPagingButtons":"always","showEmptyPlaceholder":"none","emptyPlaceholder":null,"onClick":null,"onSelectionChange":null,"columnsSortable":true,"columnsResizable":true,"columnsDraggable":true,"columnsHidable":true,"filterList":[],"filtersPlaceholder":[{"$widgetId":"2.Administration.Account_Overview.actionButton1$visibility","widget":"ConditionalVisibilityWrapper","props":{"visible":{"$type":"ExpressionProperty","expression":{"expr":{"type":"function","name":"_hasSomeRole","parameters":[{"type":"literal","value":"Administrator"}]},"args":{}}},"contents":[{"$widgetId":"2.Administration.Account_Overview.actionButton1","widget":"ActionButton","props":{"buttonId":"2.Administration.Account_Overview.actionButton1","class":"mx-name-actionButton1 spacing-outer-bottom","renderType":"button","buttonClass":"btn-success","caption":{"$type":"ExpressionProperty","expression":{"expr":{"type":"literal","value":"New local user"},"args":{}}},"tooltip":{"$type":"TextProperty","value":""},"action":{"$type":"ActionProperty","action":{"type":"callMicroflow","argMap":{},"config":{"operationId":"V39asAbtP1SwmBhG4Ht2HQ","validate":"view","allowedRoles":["Administrator"]},"disabledDuringExecution":true},"abortOnServerValidation":true}}}]}},{"$widgetId":"2.Administration.Account_Overview.actionButton2$visibility","widget":"ConditionalVisibilityWrapper","props":{"visible":{"$type":"ExpressionProperty","expression":{"expr":{"type":"function","name":"_hasSomeRole","parameters":[{"type":"literal","value":"Administrator"}]},"args":{}}},"contents":[{"$widgetId":"2.Administration.Account_Overview.actionButton2","widget":"ActionButton","props":{"buttonId":"2.Administration.Account_Overview.actionButton2","class":"mx-name-actionButton2 spacing-outer-left spacing-outer-bottom","renderType":"button","buttonClass":"btn-default","caption":{"$type":"ExpressionProperty","expression":{"expr":{"type":"literal","value":"New web service user"},"args":{}}},"tooltip":{"$type":"TextProperty","value":""},"action":{"$type":"ActionProperty","action":{"type":"callMicroflow","argMap":{},"config":{"operationId":"Imjnf7bpyVyPEtnH7PiIsQ","validate":"view","allowedRoles":["Administrator"]},"disabledDuringExecution":true},"abortOnServerValidation":true}}}]}}],"filterSectionTitle":{"$type":"ExpressionProperty","expression":{"expr":{"type":"literal","value":""},"args":{}}},"exportDialogLabel":{"$type":"ExpressionProperty","expression":{"expr":{"type":"literal","value":"Export progress"},"args":{}}},"cancelExportLabel":{"$type":"ExpressionProperty","expression":{"expr":{"type":"literal","value":"Cancel data export"},"args":{}}},"selectRowLabel":{"$type":"ExpressionProperty","expression":{"expr":{"type":"literal","value":"Select row"},"args":{}}},"onClickTrigger":"single","itemSelectionMode":"clear","loadMoreButtonCaption":{"$type":"ExpressionProperty","expression":{"expr":{"type":"literal","value":"Load More"},"args":{}}},"configurationStorageType":"attribute","class":"mx-name-dataGrid21 table-hover"}}]}]}}]}}]}}]}}],"selections":[]'></div></m:argument></m:arguments></m:page>