﻿<?xml version='1.0' encoding='utf-8'?><m:page id='8092c55b-7c15-40fd-8927-a5fb7bbfe257' xmlns='http://www.w3.org/1999/xhtml' title='Active Sessions' class='layout-atlas layout-atlas-responsive-default' xmlns:m='http://schemas.mendix.com/forms/1.0'><m:parameters>[]</m:parameters><m:layouts><m:layout path='Atlas_Core/Atlas_Default.layout.xml'></m:layout></m:layouts><m:arguments><m:argument parameterName='fc4ceaa6-4bfe-4e11-b573-52bbfb07121b'><div data-mendix-id='12.Administration.ActiveSessions.container1' data-mendix-type='mxui.widget.ReactWidgetWrapper' data-mendix-props='"widgetTree":[{"$widgetId":"12.Administration.ActiveSessions.container1","widget":"Container","props":{"class":"mx-name-container1 pageheader pageheader-fullwidth","renderMode":"div","onClick":null,"content":[{"$widgetId":"12.Administration.ActiveSessions.layoutGrid1","widget":"Div","props":{"class":"mx-name-layoutGrid1 mx-layoutgrid mx-layoutgrid-fluid container-fluid","content":[{"$widgetId":"12.Administration.ActiveSessions.layoutGrid1$row0","widget":"Div","props":{"class":"row","content":[{"$widgetId":"12.Administration.ActiveSessions.layoutGrid1$row0$column0","widget":"Div","props":{"class":"col-lg-12 col-md-12 col-12","content":[{"$widgetId":"12.Administration.ActiveSessions.label1","widget":"Text","props":{"class":"mx-name-label1 pageheader-title","caption":{"$type":"ExpressionProperty","expression":{"expr":{"type":"literal","value":"Active Sessions"},"args":{}}},"renderMode":"h2"}}]}}]}}]}}],"ariaHidden":false}}],"selections":[]'></div><div data-mendix-id='12.Administration.ActiveSessions.layoutGrid2' data-mendix-type='mxui.widget.ReactWidgetWrapper' data-mendix-props='"widgetTree":[{"$widgetId":"12.Administration.ActiveSessions.layoutGrid2","widget":"Div","props":{"class":"mx-name-layoutGrid2 mx-layoutgrid mx-layoutgrid-fluid container-fluid","content":[{"$widgetId":"12.Administration.ActiveSessions.layoutGrid2$row0","widget":"Div","props":{"class":"row","content":[{"$widgetId":"12.Administration.ActiveSessions.layoutGrid2$row0$column0","widget":"Div","props":{"class":"col-lg-12 col-md-12 col-12","content":[{"$widgetId":"12.Administration.ActiveSessions.dataGrid21","widget":"com.mendix.widget.web.datagrid.Datagrid","props":{"advanced":false,"datasource":{"$type":"DatabaseObjectListProperty","dataSourceId":"12.10","entity":"System.Session","operationId":"afAm8FbvrkiBkSiQy173Cg","sort":[["System.Session_User/System.User/Name","asc"]]},"refreshInterval":0,"itemSelectionMethod":"checkbox","showSelectAllToggle":true,"columns":[{"showContentAs":"attribute","attribute":{"$type":"ListAttributeProperty","path":"System.Session_User/System.User","entity":"System.User","attribute":"Name","attributeType":"String","sortable":true,"filterable":true,"dataSourceId":"12.10"},"content":null,"dynamicText":null,"header":{"$type":"ExpressionProperty","expression":{"expr":{"type":"literal","value":"User name"},"args":{}}},"tooltip":null,"filter":[{"$widgetId":"12.Administration.ActiveSessions.textFilter1","widget":"com.mendix.widget.web.datagridtextfilter.DatagridTextFilter","props":{"advanced":false,"defaultFilter":"contains","placeholder":{"$type":"ExpressionProperty","expression":{"expr":{"type":"literal","value":""},"args":{}}},"adjustable":true,"delay":500,"onChange":null,"screenReaderButtonCaption":{"$type":"ExpressionProperty","expression":{"expr":{"type":"literal","value":""},"args":{}}},"screenReaderInputCaption":{"$type":"ExpressionProperty","expression":{"expr":{"type":"literal","value":""},"args":{}}},"class":"mx-name-textFilter1"}}],"visible":{"$type":"ExpressionProperty","expression":{"expr":{"type":"literal","value":true},"args":{}}},"sortable":true,"resizable":true,"draggable":true,"hidable":"yes","width":"autoFill","size":1,"alignment":"left","wrapText":false,"minWidth":"auto","minWidthLimit":100,"allowEventPropagation":true},{"showContentAs":"dynamicText","attribute":{"$type":"ListAttributeProperty","path":"","entity":"System.Session","attribute":"LastActive","attributeType":"DateTime","sortable":true,"filterable":true,"dataSourceId":"12.10"},"content":null,"dynamicText":{"$type":"ListExpressionProperty","expression":{"expr":{"type":"function","name":"_format","parameters":[{"type":"variable","variable":"currentObject","path":"LastActive"},{"type":"literal","value":"{\"type\":\"datetime\"}"}]},"args":{"currentObject":{"widget":"12.Administration.ActiveSessions.dataGrid21","source":"object"}}},"dataSourceId":"12.10"},"header":{"$type":"ExpressionProperty","expression":{"expr":{"type":"literal","value":"Last active"},"args":{}}},"tooltip":null,"filter":[{"$widgetId":"12.Administration.ActiveSessions.dateFilter1","widget":"com.mendix.widget.web.datagriddatefilter.DatagridDateFilter","props":{"advanced":false,"defaultFilter":"equal","placeholder":{"$type":"ExpressionProperty","expression":{"expr":{"type":"literal","value":""},"args":{}}},"adjustable":true,"onChange":null,"screenReaderButtonCaption":{"$type":"ExpressionProperty","expression":{"expr":{"type":"literal","value":""},"args":{}}},"screenReaderCalendarCaption":{"$type":"ExpressionProperty","expression":{"expr":{"type":"literal","value":""},"args":{}}},"screenReaderInputCaption":{"$type":"ExpressionProperty","expression":{"expr":{"type":"literal","value":""},"args":{}}},"class":"mx-name-dateFilter1"}}],"visible":{"$type":"ExpressionProperty","expression":{"expr":{"type":"literal","value":true},"args":{}}},"sortable":true,"resizable":true,"draggable":true,"hidable":"yes","width":"autoFill","size":1,"alignment":"left","wrapText":false,"minWidth":"auto","minWidthLimit":100,"allowEventPropagation":true},{"showContentAs":"customContent","attribute":{"$type":"ListAttributeProperty","path":"","entity":"System.Session","attribute":"LastActive","attributeType":"DateTime","sortable":true,"filterable":true,"dataSourceId":"12.10"},"content":{"dataSourceId":"12.10","$template":[{"$widgetId":"12.Administration.ActiveSessions.actionButton1$visibility","widget":"ConditionalVisibilityWrapper","props":{"visible":{"$type":"ExpressionProperty","expression":{"expr":{"type":"function","name":"_hasSomeRole","parameters":[{"type":"literal","value":"Administrator"}]},"args":{}}},"contents":[{"$widgetId":"12.Administration.ActiveSessions.actionButton1","widget":"ActionButton","props":{"buttonId":"12.Administration.ActiveSessions.actionButton1","class":"mx-name-actionButton1 btn-lg","renderType":"link","role":"button","buttonClass":"btn-default","caption":{"$type":"ExpressionProperty","expression":{"expr":{"type":"literal","value":""},"args":{}}},"tooltip":{"$type":"TextProperty","value":""},"icon":{"$type":"IconProperty","icon":{"type":"icon","iconClass":"mx-icon-filled mx-icon-logout"}},"action":{"$type":"ActionProperty","action":{"type":"deleteObject","argMap":{"$object":{"widget":"12.Administration.ActiveSessions.dataGrid21","source":"object"}},"config":{"closePage":false,"operationId":"g7evueVpC0eHgt+A718bHQ"},"disabledDuringExecution":true},"abortOnServerValidation":true}}}]}}],"editable":false},"dynamicText":null,"header":{"$type":"ExpressionProperty","expression":{"expr":{"type":"literal","value":""},"args":{}}},"tooltip":null,"filter":null,"visible":{"$type":"ExpressionProperty","expression":{"expr":{"type":"literal","value":true},"args":{}}},"sortable":false,"resizable":true,"draggable":true,"hidable":"no","width":"autoFit","size":1,"alignment":"left","wrapText":false,"minWidth":"auto","minWidthLimit":100,"allowEventPropagation":true}],"columnsFilterable":true,"pageSize":20,"pagination":"buttons","pagingPosition":"bottom","showPagingButtons":"always","showEmptyPlaceholder":"none","emptyPlaceholder":null,"onClick":null,"onSelectionChange":null,"columnsSortable":true,"columnsResizable":true,"columnsDraggable":true,"columnsHidable":true,"filterList":[],"filtersPlaceholder":null,"filterSectionTitle":{"$type":"ExpressionProperty","expression":{"expr":{"type":"literal","value":""},"args":{}}},"exportDialogLabel":{"$type":"ExpressionProperty","expression":{"expr":{"type":"literal","value":"Export progress"},"args":{}}},"cancelExportLabel":{"$type":"ExpressionProperty","expression":{"expr":{"type":"literal","value":"Cancel data export"},"args":{}}},"selectRowLabel":{"$type":"ExpressionProperty","expression":{"expr":{"type":"literal","value":"Select row"},"args":{}}},"onClickTrigger":"single","itemSelectionMode":"clear","loadMoreButtonCaption":{"$type":"ExpressionProperty","expression":{"expr":{"type":"literal","value":"Load More"},"args":{}}},"configurationStorageType":"attribute","class":"mx-name-dataGrid21 table-hover"}}]}}]}}]}}],"selections":[]'></div></m:argument></m:arguments></m:page>