﻿<?xml version='1.0' encoding='utf-8'?><m:page id='966e027c-2f0b-445b-8d09-6764a061a752' xmlns='http://www.w3.org/1999/xhtml' title='Change Password' cancelChangesOperationId='v9mO1Zwo2Ei0Wz2MkGA7ug' closeButton='0.Administration.ChangeMyPasswordForm.cancelButton1' xmlns:m='http://schemas.mendix.com/forms/1.0'><m:parameters>["AccountPasswordData"]</m:parameters><m:layouts><m:layout path='Atlas_Core/PopupLayout.layout.xml'></m:layout></m:layouts><m:arguments><m:argument parameterName='0e9d1768-aaa3-4201-b4b6-32cc770100b2'><div data-mendix-id='0.Administration.ChangeMyPasswordForm.dataView2' data-mendix-type='mxui.widget.ReactWidgetWrapper' data-mendix-props='"widgetTree":[{"$widgetId":"0.Administration.ChangeMyPasswordForm.dataView2","widget":"DataView","props":{"class":"mx-name-dataView2 form-horizontal","object":{"$type":"AssociationObjectProperty","dataSourceId":"0.7","scope":"$AccountPasswordData","editable":true},"emptyMessage":{"$type":"TextProperty","value":""},"body":[{"$widgetId":"0.Administration.ChangeMyPasswordForm.textBox2$formGroup","widget":"FormGroup","props":{"class":"mx-name-textBox2 mx-textbox","control":[{"$widgetId":"0.Administration.ChangeMyPasswordForm.textBox2","widget":"TextBox","props":{"inputValue":{"$type":"AttributeProperty","scope":"0.Administration.ChangeMyPasswordForm.dataView2","path":"","entity":"Administration.AccountPasswordData","attribute":"OldPassword","onChange":{"type":"doNothing","argMap":{},"config":{},"disabledDuringExecution":false},"validation":{"message":"The password cannot be empty.","expression":{"expr":{"type":"function","name":"!=","parameters":[{"type":"variable","variable":"value"},{"type":"literal","value":null}]},"args":{}}},"formatting":{}},"isPassword":true,"placeholder":{"$type":"TextProperty","value":""},"mask":"","readOnlyStyle":"text","maxLength":200,"onEnter":null,"onLeave":null,"onEnterKeyPress":null,"autocomplete":"on","submitWhileEditing":false,"submitDelay":300,"ariaRequired":true,"id":{"$type":"DerivedUniqueIdProperty","widgetId":"0.Administration.ChangeMyPasswordForm.textBox2"}}}],"caption":{"$type":"ExpressionProperty","expression":{"expr":{"type":"literal","value":"Old password"},"args":{}}},"labelFor":{"$type":"DerivedUniqueIdProperty","widgetId":"0.Administration.ChangeMyPasswordForm.textBox2"},"width":3,"orientation":"horizontal","hasError":{"$type":"ValidationProperty","inputWidgetId":"0.Administration.ChangeMyPasswordForm.textBox2"}}},{"$widgetId":"0.Administration.ChangeMyPasswordForm.textBox3$formGroup","widget":"FormGroup","props":{"class":"mx-name-textBox3 mx-textbox","control":[{"$widgetId":"0.Administration.ChangeMyPasswordForm.textBox3","widget":"TextBox","props":{"inputValue":{"$type":"AttributeProperty","scope":"0.Administration.ChangeMyPasswordForm.dataView2","path":"","entity":"Administration.AccountPasswordData","attribute":"NewPassword","onChange":{"type":"doNothing","argMap":{},"config":{},"disabledDuringExecution":false},"validation":{"message":"The password cannot be empty.","expression":{"expr":{"type":"function","name":"!=","parameters":[{"type":"variable","variable":"value"},{"type":"literal","value":null}]},"args":{}}},"formatting":{}},"isPassword":true,"placeholder":{"$type":"TextProperty","value":""},"mask":"","readOnlyStyle":"text","maxLength":200,"onEnter":null,"onLeave":null,"onEnterKeyPress":null,"autocomplete":"on","submitWhileEditing":false,"submitDelay":300,"ariaRequired":true,"id":{"$type":"DerivedUniqueIdProperty","widgetId":"0.Administration.ChangeMyPasswordForm.textBox3"}}}],"caption":{"$type":"ExpressionProperty","expression":{"expr":{"type":"literal","value":"New password"},"args":{}}},"labelFor":{"$type":"DerivedUniqueIdProperty","widgetId":"0.Administration.ChangeMyPasswordForm.textBox3"},"width":3,"orientation":"horizontal","hasError":{"$type":"ValidationProperty","inputWidgetId":"0.Administration.ChangeMyPasswordForm.textBox3"}}},{"$widgetId":"0.Administration.ChangeMyPasswordForm.textBox1$formGroup","widget":"FormGroup","props":{"class":"mx-name-textBox1 mx-textbox","control":[{"$widgetId":"0.Administration.ChangeMyPasswordForm.textBox1","widget":"TextBox","props":{"inputValue":{"$type":"AttributeProperty","scope":"0.Administration.ChangeMyPasswordForm.dataView2","path":"","entity":"Administration.AccountPasswordData","attribute":"ConfirmPassword","onChange":{"type":"doNothing","argMap":{},"config":{},"disabledDuringExecution":false},"validation":{"message":"The password cannot be empty.","expression":{"expr":{"type":"function","name":"!=","parameters":[{"type":"variable","variable":"value"},{"type":"literal","value":null}]},"args":{}}},"formatting":{}},"isPassword":true,"placeholder":{"$type":"TextProperty","value":""},"mask":"","readOnlyStyle":"text","maxLength":200,"onEnter":null,"onLeave":null,"onEnterKeyPress":null,"autocomplete":"on","submitWhileEditing":false,"submitDelay":300,"ariaRequired":true,"id":{"$type":"DerivedUniqueIdProperty","widgetId":"0.Administration.ChangeMyPasswordForm.textBox1"}}}],"caption":{"$type":"ExpressionProperty","expression":{"expr":{"type":"literal","value":"Confirm password"},"args":{}}},"labelFor":{"$type":"DerivedUniqueIdProperty","widgetId":"0.Administration.ChangeMyPasswordForm.textBox1"},"width":3,"orientation":"horizontal","hasError":{"$type":"ValidationProperty","inputWidgetId":"0.Administration.ChangeMyPasswordForm.textBox1"}}}],"hideFooter":false,"footer":[{"$widgetId":"0.Administration.ChangeMyPasswordForm.microflowButton1$visibility","widget":"ConditionalVisibilityWrapper","props":{"visible":{"$type":"ExpressionProperty","expression":{"expr":{"type":"function","name":"_hasSomeRole","parameters":[{"type":"literal","value":"Administrator"},{"type":"literal","value":"User"}]},"args":{}}},"contents":[{"$widgetId":"0.Administration.ChangeMyPasswordForm.microflowButton1","widget":"ActionButton","props":{"buttonId":"0.Administration.ChangeMyPasswordForm.microflowButton1","class":"mx-name-microflowButton1","renderType":"button","buttonClass":"btn-success","caption":{"$type":"ExpressionProperty","expression":{"expr":{"type":"literal","value":"Change"},"args":{}}},"tooltip":{"$type":"TextProperty","value":""},"action":{"$type":"ActionProperty","action":{"type":"callMicroflow","argMap":{"AccountPasswordData":{"widget":"$AccountPasswordData","source":"object"}},"config":{"operationId":"3BSmSK8L8lCy/Ri8kqHWAg","validate":"view","allowedRoles":["Administrator","User"]},"disabledDuringExecution":false},"abortOnServerValidation":true}}}]}},{"$widgetId":"0.Administration.ChangeMyPasswordForm.cancelButton1","widget":"ActionButton","props":{"buttonId":"0.Administration.ChangeMyPasswordForm.cancelButton1","class":"mx-name-cancelButton1","renderType":"button","buttonClass":"btn-default","caption":{"$type":"ExpressionProperty","expression":{"expr":{"type":"literal","value":"Cancel"},"args":{}}},"tooltip":{"$type":"TextProperty","value":""},"action":{"$type":"ActionProperty","action":{"type":"cancelChanges","argMap":{},"config":{"operationId":"HRNTOWaln0yVuEFen75Vuw","closePage":true},"disabledDuringExecution":true},"abortOnServerValidation":true}}}]}}],"selections":[]'></div></m:argument></m:arguments></m:page>