﻿<?xml version='1.0' encoding='utf-8'?><m:page id='7c27c1f4-64d9-4d08-844d-81ba07008ddd' xmlns='http://www.w3.org/1999/xhtml' title='Change Password' cancelChangesOperationId='z0KzfXzkXEStfXOK/cxBng' closeButton='0.Administration.ChangePasswordForm.cancelButton1' xmlns:m='http://schemas.mendix.com/forms/1.0'><m:parameters>["AccountPasswordData"]</m:parameters><m:layouts><m:layout path='Atlas_Core/PopupLayout.layout.xml'></m:layout></m:layouts><m:arguments><m:argument parameterName='0e9d1768-aaa3-4201-b4b6-32cc770100b2'><div data-mendix-id='0.Administration.ChangePasswordForm.dataView2' data-mendix-type='mxui.widget.ReactWidgetWrapper' data-mendix-props='"widgetTree":[{"$widgetId":"0.Administration.ChangePasswordForm.dataView2","widget":"DataView","props":{"class":"mx-name-dataView2 form-horizontal","object":{"$type":"AssociationObjectProperty","dataSourceId":"0.7","scope":"$AccountPasswordData","editable":true},"emptyMessage":{"$type":"TextProperty","value":""},"body":[{"$widgetId":"0.Administration.ChangePasswordForm.textBox3$formGroup","widget":"FormGroup","props":{"class":"mx-name-textBox3 mx-textbox","control":[{"$widgetId":"0.Administration.ChangePasswordForm.textBox3","widget":"TextBox","props":{"inputValue":{"$type":"AttributeProperty","scope":"0.Administration.ChangePasswordForm.dataView2","path":"","entity":"Administration.AccountPasswordData","attribute":"NewPassword","onChange":{"type":"doNothing","argMap":{},"config":{},"disabledDuringExecution":false},"validation":{"message":"The password cannot be empty.","expression":{"expr":{"type":"function","name":"!=","parameters":[{"type":"variable","variable":"value"},{"type":"literal","value":null}]},"args":{}}},"formatting":{}},"isPassword":true,"placeholder":{"$type":"TextProperty","value":""},"mask":"","readOnlyStyle":"text","maxLength":200,"onEnter":null,"onLeave":null,"onEnterKeyPress":null,"autocomplete":"on","submitWhileEditing":false,"submitDelay":300,"ariaRequired":true,"id":{"$type":"DerivedUniqueIdProperty","widgetId":"0.Administration.ChangePasswordForm.textBox3"}}}],"caption":{"$type":"ExpressionProperty","expression":{"expr":{"type":"literal","value":"New password"},"args":{}}},"labelFor":{"$type":"DerivedUniqueIdProperty","widgetId":"0.Administration.ChangePasswordForm.textBox3"},"width":3,"orientation":"horizontal","hasError":{"$type":"ValidationProperty","inputWidgetId":"0.Administration.ChangePasswordForm.textBox3"}}},{"$widgetId":"0.Administration.ChangePasswordForm.textBox1$formGroup","widget":"FormGroup","props":{"class":"mx-name-textBox1 mx-textbox","control":[{"$widgetId":"0.Administration.ChangePasswordForm.textBox1","widget":"TextBox","props":{"inputValue":{"$type":"AttributeProperty","scope":"0.Administration.ChangePasswordForm.dataView2","path":"","entity":"Administration.AccountPasswordData","attribute":"ConfirmPassword","onChange":{"type":"doNothing","argMap":{},"config":{},"disabledDuringExecution":false},"validation":{"message":"The password cannot be empty.","expression":{"expr":{"type":"function","name":"!=","parameters":[{"type":"variable","variable":"value"},{"type":"literal","value":null}]},"args":{}}},"formatting":{}},"isPassword":true,"placeholder":{"$type":"TextProperty","value":""},"mask":"","readOnlyStyle":"text","maxLength":200,"onEnter":null,"onLeave":null,"onEnterKeyPress":null,"autocomplete":"on","submitWhileEditing":false,"submitDelay":300,"ariaRequired":true,"id":{"$type":"DerivedUniqueIdProperty","widgetId":"0.Administration.ChangePasswordForm.textBox1"}}}],"caption":{"$type":"ExpressionProperty","expression":{"expr":{"type":"literal","value":"Confirm password"},"args":{}}},"labelFor":{"$type":"DerivedUniqueIdProperty","widgetId":"0.Administration.ChangePasswordForm.textBox1"},"width":3,"orientation":"horizontal","hasError":{"$type":"ValidationProperty","inputWidgetId":"0.Administration.ChangePasswordForm.textBox1"}}}],"hideFooter":false,"footer":[{"$widgetId":"0.Administration.ChangePasswordForm.microflowButton1$visibility","widget":"ConditionalVisibilityWrapper","props":{"visible":{"$type":"ExpressionProperty","expression":{"expr":{"type":"function","name":"_hasSomeRole","parameters":[{"type":"literal","value":"Administrator"}]},"args":{}}},"contents":[{"$widgetId":"0.Administration.ChangePasswordForm.microflowButton1","widget":"ActionButton","props":{"buttonId":"0.Administration.ChangePasswordForm.microflowButton1","class":"mx-name-microflowButton1","renderType":"button","buttonClass":"btn-success","caption":{"$type":"ExpressionProperty","expression":{"expr":{"type":"literal","value":"Change"},"args":{}}},"tooltip":{"$type":"TextProperty","value":""},"action":{"$type":"ActionProperty","action":{"type":"callMicroflow","argMap":{"AccountPasswordData":{"widget":"$AccountPasswordData","source":"object"}},"config":{"operationId":"wRnB5iIjY1qJzsgKhGSGNg","validate":"view","allowedRoles":["Administrator"]},"disabledDuringExecution":false},"abortOnServerValidation":true}}}]}},{"$widgetId":"0.Administration.ChangePasswordForm.cancelButton1","widget":"ActionButton","props":{"buttonId":"0.Administration.ChangePasswordForm.cancelButton1","class":"mx-name-cancelButton1","renderType":"button","buttonClass":"btn-default","caption":{"$type":"ExpressionProperty","expression":{"expr":{"type":"literal","value":"Cancel"},"args":{}}},"tooltip":{"$type":"TextProperty","value":""},"action":{"$type":"ActionProperty","action":{"type":"cancelChanges","argMap":{},"config":{"operationId":"TA9ob5Hh3UW1o/QSI/Qe6g","closePage":true},"disabledDuringExecution":true},"abortOnServerValidation":true}}}]}}],"selections":[]'></div></m:argument></m:arguments></m:page>