﻿<?xml version='1.0' encoding='utf-8'?><m:page id='c7aac1ad-2f2c-4414-835a-a3dbd7ce5aa5' xmlns='http://www.w3.org/1999/xhtml' title='My Account' cancelChangesOperationId='ug6Y21uoTk+JiFgfm5meNg' closeButton='7.Administration.MyAccount.cancelButton1' xmlns:m='http://schemas.mendix.com/forms/1.0'><m:parameters>["Account"]</m:parameters><m:layouts><m:layout path='Atlas_Core/PopupLayout.layout.xml'></m:layout></m:layouts><m:arguments><m:argument parameterName='0e9d1768-aaa3-4201-b4b6-32cc770100b2'><div data-mendix-id='7.Administration.MyAccount.dataView1' data-mendix-type='mxui.widget.ReactWidgetWrapper' data-mendix-props='"widgetTree":[{"$widgetId":"7.Administration.MyAccount.dataView1","widget":"DataView","props":{"class":"mx-name-dataView1 form-horizontal","object":{"$type":"AssociationObjectProperty","dataSourceId":"7.10","scope":"$Account","editable":true},"emptyMessage":{"$type":"TextProperty","value":""},"body":[{"$widgetId":"7.Administration.MyAccount.textBox2$formGroup","widget":"FormGroup","props":{"class":"mx-name-textBox2 mx-textbox","control":[{"$widgetId":"7.Administration.MyAccount.textBox2","widget":"TextBox","props":{"inputValue":{"$type":"AttributeProperty","scope":"7.Administration.MyAccount.dataView1","path":"","entity":"Administration.Account","attribute":"FullName","onChange":{"type":"doNothing","argMap":{},"config":{},"disabledDuringExecution":false},"validation":null,"formatting":{}},"isPassword":false,"placeholder":{"$type":"TextProperty","value":""},"mask":"","readOnlyStyle":"text","maxLength":200,"onEnter":null,"onLeave":null,"onEnterKeyPress":null,"autocomplete":"on","submitWhileEditing":false,"submitDelay":300,"id":{"$type":"DerivedUniqueIdProperty","widgetId":"7.Administration.MyAccount.textBox2"}}}],"caption":{"$type":"ExpressionProperty","expression":{"expr":{"type":"literal","value":"Full name"},"args":{}}},"labelFor":{"$type":"DerivedUniqueIdProperty","widgetId":"7.Administration.MyAccount.textBox2"},"width":3,"orientation":"horizontal","hasError":{"$type":"ValidationProperty","inputWidgetId":"7.Administration.MyAccount.textBox2"}}},{"$widgetId":"7.Administration.MyAccount.textBox5$formGroup","widget":"FormGroup","props":{"class":"mx-name-textBox5 mx-textbox","control":[{"$widgetId":"7.Administration.MyAccount.textBox5","widget":"TextBox","props":{"inputValue":{"$type":"AttributeProperty","scope":"7.Administration.MyAccount.dataView1","path":"","entity":"Administration.Account","attribute":"Name","onChange":{"type":"doNothing","argMap":{},"config":{},"disabledDuringExecution":false},"validation":null,"formatting":{}},"isPassword":false,"placeholder":{"$type":"TextProperty","value":""},"mask":"","readOnlyStyle":"text","maxLength":100,"onEnter":null,"onLeave":null,"onEnterKeyPress":null,"autocomplete":"on","submitWhileEditing":false,"submitDelay":300,"id":{"$type":"DerivedUniqueIdProperty","widgetId":"7.Administration.MyAccount.textBox5"}}}],"caption":{"$type":"ExpressionProperty","expression":{"expr":{"type":"literal","value":"User name"},"args":{}}},"labelFor":{"$type":"DerivedUniqueIdProperty","widgetId":"7.Administration.MyAccount.textBox5"},"width":3,"orientation":"horizontal","hasError":{"$type":"ValidationProperty","inputWidgetId":"7.Administration.MyAccount.textBox5"}}},{"$widgetId":"7.Administration.MyAccount.comboBox3$formGroup","widget":"FormGroup","props":{"class":"mx-name-comboBox3","control":[{"$widgetId":"7.Administration.MyAccount.comboBox3","widget":"com.mendix.widget.web.combobox.Combobox","props":{"optionsSourceType":"association","attributeAssociation":{"$type":"AssociationProperty","type":"Reference","entity":"Administration.Account","path":"","attribute":"System.User_Language","endpointEntity":"System.Language","selectableObjectsId":"7.3","scope":"7.Administration.MyAccount.dataView1","onChange":{"type":"doNothing","argMap":{},"config":{},"disabledDuringExecution":false}},"optionsSourceAssociationDataSource":{"$type":"DatabaseObjectListProperty","dataSourceId":"7.3","entity":"System.Language","scope":"7.Administration.MyAccount.dataView1","operationId":"FlARboXwrkqsqeWIORCssw","sort":[]},"optionsSourceAssociationCaptionType":"attribute","optionsSourceAssociationCaptionAttribute":{"$type":"ListAttributeProperty","path":"","entity":"System.Language","attribute":"Description","attributeType":"String","sortable":true,"filterable":true,"dataSourceId":"7.3"},"emptyOptionText":{"$type":"ExpressionProperty","expression":{"expr":{"type":"literal","value":""},"args":{}}},"filterType":"contains","noOptionsText":{"$type":"ExpressionProperty","expression":{"expr":{"type":"literal","value":""},"args":{}}},"clearable":true,"optionsSourceAssociationCustomContentType":"no","optionsSourceAssociationCustomContent":null,"showFooter":false,"menuFooterContent":null,"selectionMethod":"checkbox","selectedItemsStyle":"text","selectAllButton":false,"selectAllButtonCaption":{"$type":"ExpressionProperty","expression":{"expr":{"type":"literal","value":"Select all"},"args":{}}},"onChangeEvent":null,"onEnterEvent":null,"onLeaveEvent":null,"ariaRequired":false,"clearButtonAriaLabel":{"$type":"ExpressionProperty","expression":{"expr":{"type":"literal","value":"Clear selection"},"args":{}}},"removeValueAriaLabel":{"$type":"ExpressionProperty","expression":{"expr":{"type":"literal","value":"Remove value"},"args":{}}},"a11ySelectedValue":{"$type":"ExpressionProperty","expression":{"expr":{"type":"literal","value":"Selected value:"},"args":{}}},"a11yOptionsAvailable":{"$type":"ExpressionProperty","expression":{"expr":{"type":"literal","value":"Number of options available:"},"args":{}}},"a11yInstructions":{"$type":"ExpressionProperty","expression":{"expr":{"type":"literal","value":"Use up and down arrow keys to navigate. Press Enter or Space Bar keys to select."},"args":{}}},"source":"context","optionsSourceDatabaseCaptionType":"attribute","optionsSourceStaticDataSource":[],"optionsSourceDatabaseCustomContentType":"no","staticDataSourceCustomContentType":"no","id":{"$type":"DerivedUniqueIdProperty","widgetId":"7.Administration.MyAccount.comboBox3"}}}],"caption":{"$type":"ExpressionProperty","expression":{"expr":{"type":"literal","value":"Language"},"args":{}}},"labelFor":{"$type":"DerivedUniqueIdProperty","widgetId":"7.Administration.MyAccount.comboBox3"},"width":3,"orientation":"horizontal","hasError":{"$type":"ValidationProperty","inputWidgetId":"7.Administration.MyAccount.comboBox3"}}},{"$widgetId":"7.Administration.MyAccount.microflowTrigger1$visibility","widget":"ConditionalVisibilityWrapper","props":{"visible":{"$type":"ExpressionProperty","expression":{"expr":{"type":"function","name":"_hasSomeRole","parameters":[{"type":"literal","value":"Administrator"},{"type":"literal","value":"User"}]},"args":{}}},"contents":[{"$widgetId":"7.Administration.MyAccount.microflowTrigger1","widget":"ActionButton","props":{"buttonId":"7.Administration.MyAccount.microflowTrigger1","class":"mx-name-microflowTrigger1","renderType":"button","buttonClass":"btn-default","caption":{"$type":"ExpressionProperty","expression":{"expr":{"type":"literal","value":"Change password"},"args":{}}},"tooltip":{"$type":"TextProperty","value":""},"action":{"$type":"ActionProperty","action":{"type":"callMicroflow","argMap":{"Account":{"widget":"$Account","source":"object"}},"config":{"operationId":"ZgYltvVb9VKEf3DUvzMCPw","allowedRoles":["Administrator","User"]},"disabledDuringExecution":false},"abortOnServerValidation":true}}}]}}],"hideFooter":false,"footer":[{"$widgetId":"7.Administration.MyAccount.saveButton1","widget":"ActionButton","props":{"buttonId":"7.Administration.MyAccount.saveButton1","class":"mx-name-saveButton1","renderType":"button","buttonClass":"btn-success","caption":{"$type":"ExpressionProperty","expression":{"expr":{"type":"literal","value":"Save"},"args":{}}},"tooltip":{"$type":"TextProperty","value":""},"action":{"$type":"ActionProperty","action":{"type":"saveChanges","argMap":{"$object":{"widget":"7.Administration.MyAccount.dataView1","source":"object"}},"config":{"operationId":"Lm/OydR3wky5yDsQ9gzGjw","closePage":true},"disabledDuringExecution":true},"abortOnServerValidation":true}}},{"$widgetId":"7.Administration.MyAccount.cancelButton1","widget":"ActionButton","props":{"buttonId":"7.Administration.MyAccount.cancelButton1","class":"mx-name-cancelButton1","renderType":"button","buttonClass":"btn-default","caption":{"$type":"ExpressionProperty","expression":{"expr":{"type":"literal","value":"Cancel"},"args":{}}},"tooltip":{"$type":"TextProperty","value":""},"action":{"$type":"ActionProperty","action":{"type":"cancelChanges","argMap":{},"config":{"operationId":"nMuk0o+4DUKxIPDwi4pJnQ","closePage":true},"disabledDuringExecution":true},"abortOnServerValidation":true}}}]}}],"selections":[]'></div></m:argument></m:arguments></m:page>