﻿<?xml version='1.0' encoding='utf-8'?><m:page id='44c50a3e-a4dd-4729-a174-61a5db36e106' xmlns='http://www.w3.org/1999/xhtml' title='Runtime Instances' class='layout-atlas layout-atlas-responsive-default' xmlns:m='http://schemas.mendix.com/forms/1.0'><m:parameters>[]</m:parameters><m:layouts><m:layout path='Atlas_Core/Atlas_Default.layout.xml'></m:layout></m:layouts><m:arguments><m:argument parameterName='fc4ceaa6-4bfe-4e11-b573-52bbfb07121b'><div data-mendix-id='1.Administration.RuntimeInstances.container1' data-mendix-type='mxui.widget.ReactWidgetWrapper' data-mendix-props='"widgetTree":[{"$widgetId":"1.Administration.RuntimeInstances.container1","widget":"Container","props":{"class":"mx-name-container1 pageheader pageheader-fullwidth","renderMode":"div","onClick":null,"content":[{"$widgetId":"1.Administration.RuntimeInstances.layoutGrid1","widget":"Div","props":{"class":"mx-name-layoutGrid1 mx-layoutgrid mx-layoutgrid-fluid container-fluid","content":[{"$widgetId":"1.Administration.RuntimeInstances.layoutGrid1$row0","widget":"Div","props":{"class":"row","content":[{"$widgetId":"1.Administration.RuntimeInstances.layoutGrid1$row0$column0","widget":"Div","props":{"class":"col-lg-12 col-md-12 col-12","content":[{"$widgetId":"1.Administration.RuntimeInstances.label1","widget":"Text","props":{"class":"mx-name-label1 pageheader-title","caption":{"$type":"ExpressionProperty","expression":{"expr":{"type":"literal","value":"Runtime Instances"},"args":{}}},"renderMode":"h2"}}]}}]}}]}}],"ariaHidden":false}}],"selections":[]'></div><div data-mendix-id='1.Administration.RuntimeInstances.layoutGrid2' data-mendix-type='mxui.widget.ReactWidgetWrapper' data-mendix-props='"widgetTree":[{"$widgetId":"1.Administration.RuntimeInstances.layoutGrid2","widget":"Div","props":{"class":"mx-name-layoutGrid2 mx-layoutgrid mx-layoutgrid-fluid container-fluid","content":[{"$widgetId":"1.Administration.RuntimeInstances.layoutGrid2$row0","widget":"Div","props":{"class":"row","content":[{"$widgetId":"1.Administration.RuntimeInstances.layoutGrid2$row0$column0","widget":"Div","props":{"class":"col-lg-12 col-md-12 col-12","content":[{"$widgetId":"1.Administration.RuntimeInstances.dataGrid21","widget":"com.mendix.widget.web.datagrid.Datagrid","props":{"advanced":false,"datasource":{"$type":"DatabaseObjectListProperty","dataSourceId":"1.10","entity":"System.XASInstance","operationId":"EkpD1nneCkC6imOtbS7jeQ","sort":[["XASId","asc"]]},"refreshInterval":0,"itemSelectionMethod":"checkbox","showSelectAllToggle":true,"columns":[{"showContentAs":"attribute","attribute":{"$type":"ListAttributeProperty","path":"","entity":"System.XASInstance","attribute":"XASId","attributeType":"String","sortable":true,"filterable":true,"dataSourceId":"1.10"},"content":null,"dynamicText":null,"header":{"$type":"ExpressionProperty","expression":{"expr":{"type":"literal","value":"Runtime ID"},"args":{}}},"tooltip":null,"filter":null,"visible":{"$type":"ExpressionProperty","expression":{"expr":{"type":"literal","value":true},"args":{}}},"sortable":true,"resizable":true,"draggable":true,"hidable":"yes","width":"autoFill","size":1,"alignment":"left","wrapText":false,"minWidth":"auto","minWidthLimit":100,"allowEventPropagation":true},{"showContentAs":"dynamicText","attribute":{"$type":"ListAttributeProperty","path":"","entity":"System.XASInstance","attribute":"createdDate","attributeType":"DateTime","sortable":true,"filterable":true,"dataSourceId":"1.10"},"content":null,"dynamicText":{"$type":"ListExpressionProperty","expression":{"expr":{"type":"function","name":"_format","parameters":[{"type":"variable","variable":"currentObject","path":"createdDate"},{"type":"literal","value":"{\"type\":\"datetime\"}"}]},"args":{"currentObject":{"widget":"1.Administration.RuntimeInstances.dataGrid21","source":"object"}}},"dataSourceId":"1.10"},"header":{"$type":"ExpressionProperty","expression":{"expr":{"type":"literal","value":"Created"},"args":{}}},"tooltip":null,"filter":null,"visible":{"$type":"ExpressionProperty","expression":{"expr":{"type":"literal","value":true},"args":{}}},"sortable":true,"resizable":true,"draggable":true,"hidable":"yes","width":"autoFill","size":1,"alignment":"left","wrapText":false,"minWidth":"auto","minWidthLimit":100,"allowEventPropagation":true},{"showContentAs":"attribute","attribute":{"$type":"ListAttributeProperty","path":"","entity":"System.XASInstance","attribute":"AllowedNumberOfConcurrentUsers","attributeType":"Integer","sortable":true,"filterable":true,"dataSourceId":"1.10"},"content":null,"dynamicText":null,"header":{"$type":"ExpressionProperty","expression":{"expr":{"type":"literal","value":"Allowed concurrent users"},"args":{}}},"tooltip":null,"filter":null,"visible":{"$type":"ExpressionProperty","expression":{"expr":{"type":"literal","value":true},"args":{}}},"sortable":true,"resizable":true,"draggable":true,"hidable":"yes","width":"autoFill","size":1,"alignment":"left","wrapText":false,"minWidth":"auto","minWidthLimit":100,"allowEventPropagation":true},{"showContentAs":"attribute","attribute":{"$type":"ListAttributeProperty","path":"","entity":"System.XASInstance","attribute":"PartnerName","attributeType":"String","sortable":true,"filterable":true,"dataSourceId":"1.10"},"content":null,"dynamicText":null,"header":{"$type":"ExpressionProperty","expression":{"expr":{"type":"literal","value":"Partner"},"args":{}}},"tooltip":null,"filter":null,"visible":{"$type":"ExpressionProperty","expression":{"expr":{"type":"literal","value":true},"args":{}}},"sortable":true,"resizable":true,"draggable":true,"hidable":"yes","width":"autoFill","size":1,"alignment":"left","wrapText":false,"minWidth":"auto","minWidthLimit":100,"allowEventPropagation":true},{"showContentAs":"attribute","attribute":{"$type":"ListAttributeProperty","path":"","entity":"System.XASInstance","attribute":"CustomerName","attributeType":"String","sortable":true,"filterable":true,"dataSourceId":"1.10"},"content":null,"dynamicText":null,"header":{"$type":"ExpressionProperty","expression":{"expr":{"type":"literal","value":"Customer"},"args":{}}},"tooltip":null,"filter":null,"visible":{"$type":"ExpressionProperty","expression":{"expr":{"type":"literal","value":true},"args":{}}},"sortable":true,"resizable":true,"draggable":true,"hidable":"yes","width":"autoFill","size":1,"alignment":"left","wrapText":false,"minWidth":"auto","minWidthLimit":100,"allowEventPropagation":true}],"columnsFilterable":true,"pageSize":20,"pagination":"buttons","pagingPosition":"bottom","showPagingButtons":"always","showEmptyPlaceholder":"none","emptyPlaceholder":null,"onClick":null,"onSelectionChange":null,"columnsSortable":true,"columnsResizable":true,"columnsDraggable":true,"columnsHidable":true,"filterList":[],"filtersPlaceholder":null,"filterSectionTitle":{"$type":"ExpressionProperty","expression":{"expr":{"type":"literal","value":""},"args":{}}},"exportDialogLabel":{"$type":"ExpressionProperty","expression":{"expr":{"type":"literal","value":"Export progress"},"args":{}}},"cancelExportLabel":{"$type":"ExpressionProperty","expression":{"expr":{"type":"literal","value":"Cancel data export"},"args":{}}},"selectRowLabel":{"$type":"ExpressionProperty","expression":{"expr":{"type":"literal","value":"Select row"},"args":{}}},"onClickTrigger":"single","itemSelectionMode":"clear","loadMoreButtonCaption":{"$type":"ExpressionProperty","expression":{"expr":{"type":"literal","value":"Load More"},"args":{}}},"configurationStorageType":"attribute","class":"mx-name-dataGrid21"}}]}}]}}]}}],"selections":[]'></div></m:argument></m:arguments></m:page>