﻿<?xml version='1.0' encoding='utf-8'?><m:page id='2b97538b-37c6-4a33-9148-9e6fb402b32a' xmlns='http://www.w3.org/1999/xhtml' title='Scheduled Events' class='layout-atlas layout-atlas-responsive-default' xmlns:m='http://schemas.mendix.com/forms/1.0'><m:parameters>[]</m:parameters><m:layouts><m:layout path='Atlas_Core/Atlas_Default.layout.xml'></m:layout></m:layouts><m:arguments><m:argument parameterName='fc4ceaa6-4bfe-4e11-b573-52bbfb07121b'><div data-mendix-id='18.Administration.ScheduledEvents.container1' data-mendix-type='mxui.widget.ReactWidgetWrapper' data-mendix-props='"widgetTree":[{"$widgetId":"18.Administration.ScheduledEvents.container1","widget":"Container","props":{"class":"mx-name-container1 pageheader pageheader-fullwidth","renderMode":"div","onClick":null,"content":[{"$widgetId":"18.Administration.ScheduledEvents.layoutGrid1","widget":"Div","props":{"class":"mx-name-layoutGrid1 mx-layoutgrid mx-layoutgrid-fluid container-fluid","content":[{"$widgetId":"18.Administration.ScheduledEvents.layoutGrid1$row0","widget":"Div","props":{"class":"row","content":[{"$widgetId":"18.Administration.ScheduledEvents.layoutGrid1$row0$column0","widget":"Div","props":{"class":"col-lg-12 col-md-12 col-12","content":[{"$widgetId":"18.Administration.ScheduledEvents.label1","widget":"Text","props":{"class":"mx-name-label1 pageheader-title","caption":{"$type":"ExpressionProperty","expression":{"expr":{"type":"literal","value":"Scheduled Events"},"args":{}}},"renderMode":"h2"}}]}}]}}]}}],"ariaHidden":false}}],"selections":[]'></div><div data-mendix-id='18.Administration.ScheduledEvents.layoutGrid2' data-mendix-type='mxui.widget.ReactWidgetWrapper' data-mendix-props='"widgetTree":[{"$widgetId":"18.Administration.ScheduledEvents.layoutGrid2","widget":"Div","props":{"class":"mx-name-layoutGrid2 mx-layoutgrid mx-layoutgrid-fluid container-fluid","content":[{"$widgetId":"18.Administration.ScheduledEvents.layoutGrid2$row0","widget":"Div","props":{"class":"row","content":[{"$widgetId":"18.Administration.ScheduledEvents.layoutGrid2$row0$column0","widget":"Div","props":{"class":"col-lg-12 col-md-12 col-12","content":[{"$widgetId":"18.Administration.ScheduledEvents.dataGrid21","widget":"com.mendix.widget.web.datagrid.Datagrid","props":{"advanced":false,"datasource":{"$type":"DatabaseObjectListProperty","dataSourceId":"18.10","entity":"System.ScheduledEventInformation","operationId":"+76GULRLRU+pdESkEY7iIg","sort":[["StartTime","desc"]]},"refreshInterval":0,"itemSelectionMethod":"checkbox","showSelectAllToggle":true,"columns":[{"showContentAs":"attribute","attribute":{"$type":"ListAttributeProperty","path":"","entity":"System.ScheduledEventInformation","attribute":"Name","attributeType":"String","sortable":true,"filterable":true,"dataSourceId":"18.10"},"content":null,"dynamicText":null,"header":{"$type":"ExpressionProperty","expression":{"expr":{"type":"literal","value":"Name"},"args":{}}},"tooltip":null,"filter":[{"$widgetId":"18.Administration.ScheduledEvents.textFilter1","widget":"com.mendix.widget.web.datagridtextfilter.DatagridTextFilter","props":{"advanced":false,"defaultFilter":"contains","placeholder":{"$type":"ExpressionProperty","expression":{"expr":{"type":"literal","value":""},"args":{}}},"adjustable":true,"delay":500,"onChange":null,"screenReaderButtonCaption":{"$type":"ExpressionProperty","expression":{"expr":{"type":"literal","value":""},"args":{}}},"screenReaderInputCaption":{"$type":"ExpressionProperty","expression":{"expr":{"type":"literal","value":""},"args":{}}},"class":"mx-name-textFilter1"}}],"visible":{"$type":"ExpressionProperty","expression":{"expr":{"type":"literal","value":true},"args":{}}},"sortable":true,"resizable":true,"draggable":true,"hidable":"yes","width":"autoFill","size":1,"alignment":"left","wrapText":false,"minWidth":"auto","minWidthLimit":100,"allowEventPropagation":true},{"showContentAs":"attribute","attribute":{"$type":"ListAttributeProperty","path":"","entity":"System.ScheduledEventInformation","attribute":"Description","attributeType":"String","sortable":true,"filterable":true,"dataSourceId":"18.10"},"content":null,"dynamicText":null,"header":{"$type":"ExpressionProperty","expression":{"expr":{"type":"literal","value":"Description"},"args":{}}},"tooltip":null,"filter":[{"$widgetId":"18.Administration.ScheduledEvents.textFilter2","widget":"com.mendix.widget.web.datagridtextfilter.DatagridTextFilter","props":{"advanced":false,"defaultFilter":"contains","placeholder":{"$type":"ExpressionProperty","expression":{"expr":{"type":"literal","value":""},"args":{}}},"adjustable":true,"delay":500,"onChange":null,"screenReaderButtonCaption":{"$type":"ExpressionProperty","expression":{"expr":{"type":"literal","value":""},"args":{}}},"screenReaderInputCaption":{"$type":"ExpressionProperty","expression":{"expr":{"type":"literal","value":""},"args":{}}},"class":"mx-name-textFilter2"}}],"visible":{"$type":"ExpressionProperty","expression":{"expr":{"type":"literal","value":true},"args":{}}},"sortable":true,"resizable":true,"draggable":true,"hidable":"yes","width":"autoFill","size":1,"alignment":"left","wrapText":false,"minWidth":"auto","minWidthLimit":100,"allowEventPropagation":true},{"showContentAs":"dynamicText","attribute":{"$type":"ListAttributeProperty","path":"","entity":"System.ScheduledEventInformation","attribute":"StartTime","attributeType":"DateTime","sortable":true,"filterable":true,"dataSourceId":"18.10"},"content":null,"dynamicText":{"$type":"ListExpressionProperty","expression":{"expr":{"type":"function","name":"_format","parameters":[{"type":"variable","variable":"currentObject","path":"StartTime"},{"type":"literal","value":"{\"type\":\"datetime\"}"}]},"args":{"currentObject":{"widget":"18.Administration.ScheduledEvents.dataGrid21","source":"object"}}},"dataSourceId":"18.10"},"header":{"$type":"ExpressionProperty","expression":{"expr":{"type":"literal","value":"Start time"},"args":{}}},"tooltip":null,"filter":[{"$widgetId":"18.Administration.ScheduledEvents.dateFilter1","widget":"com.mendix.widget.web.datagriddatefilter.DatagridDateFilter","props":{"advanced":false,"defaultFilter":"equal","placeholder":{"$type":"ExpressionProperty","expression":{"expr":{"type":"literal","value":""},"args":{}}},"adjustable":true,"onChange":null,"screenReaderButtonCaption":{"$type":"ExpressionProperty","expression":{"expr":{"type":"literal","value":""},"args":{}}},"screenReaderCalendarCaption":{"$type":"ExpressionProperty","expression":{"expr":{"type":"literal","value":""},"args":{}}},"screenReaderInputCaption":{"$type":"ExpressionProperty","expression":{"expr":{"type":"literal","value":""},"args":{}}},"class":"mx-name-dateFilter1"}}],"visible":{"$type":"ExpressionProperty","expression":{"expr":{"type":"literal","value":true},"args":{}}},"sortable":true,"resizable":true,"draggable":true,"hidable":"yes","width":"autoFill","size":1,"alignment":"left","wrapText":false,"minWidth":"auto","minWidthLimit":100,"allowEventPropagation":true},{"showContentAs":"customContent","attribute":{"$type":"ListAttributeProperty","path":"","entity":"System.ScheduledEventInformation","attribute":"Status","attributeType":"Enum","sortable":true,"filterable":true,"dataSourceId":"18.10"},"content":{"dataSourceId":"18.10","$template":[{"$widgetId":"18.Administration.ScheduledEvents.text2$visibility","widget":"ConditionalVisibilityWrapper","props":{"visible":{"$type":"ExpressionProperty","expression":{"expr":{"type":"function","name":"=","parameters":[{"type":"variable","variable":"currentObject","path":"Status"},{"type":"literal","value":"Running"}]},"args":{"currentObject":{"widget":"18.Administration.ScheduledEvents.dataGrid21","source":"object"}}}},"contents":[{"$widgetId":"18.Administration.ScheduledEvents.text2","widget":"Text","props":{"class":"mx-name-text2 badge label-primary","caption":{"$type":"ExpressionProperty","expression":{"expr":{"type":"literal","value":"Running"},"args":{}}},"renderMode":"span"}}]}},{"$widgetId":"18.Administration.ScheduledEvents.text1$visibility","widget":"ConditionalVisibilityWrapper","props":{"visible":{"$type":"ExpressionProperty","expression":{"expr":{"type":"function","name":"=","parameters":[{"type":"variable","variable":"currentObject","path":"Status"},{"type":"literal","value":"Completed"}]},"args":{"currentObject":{"widget":"18.Administration.ScheduledEvents.dataGrid21","source":"object"}}}},"contents":[{"$widgetId":"18.Administration.ScheduledEvents.text1","widget":"Text","props":{"class":"mx-name-text1 badge label-success","caption":{"$type":"ExpressionProperty","expression":{"expr":{"type":"literal","value":"Completed"},"args":{}}},"renderMode":"span"}}]}},{"$widgetId":"18.Administration.ScheduledEvents.text3$visibility","widget":"ConditionalVisibilityWrapper","props":{"visible":{"$type":"ExpressionProperty","expression":{"expr":{"type":"function","name":"=","parameters":[{"type":"variable","variable":"currentObject","path":"Status"},{"type":"literal","value":"Error"}]},"args":{"currentObject":{"widget":"18.Administration.ScheduledEvents.dataGrid21","source":"object"}}}},"contents":[{"$widgetId":"18.Administration.ScheduledEvents.text3","widget":"Text","props":{"class":"mx-name-text3 badge label-danger","caption":{"$type":"ExpressionProperty","expression":{"expr":{"type":"literal","value":"Error"},"args":{}}},"renderMode":"span"}}]}},{"$widgetId":"18.Administration.ScheduledEvents.text4$visibility","widget":"ConditionalVisibilityWrapper","props":{"visible":{"$type":"ExpressionProperty","expression":{"expr":{"type":"function","name":"=","parameters":[{"type":"variable","variable":"currentObject","path":"Status"},{"type":"literal","value":"Stopped"}]},"args":{"currentObject":{"widget":"18.Administration.ScheduledEvents.dataGrid21","source":"object"}}}},"contents":[{"$widgetId":"18.Administration.ScheduledEvents.text4","widget":"Text","props":{"class":"mx-name-text4 badge label-secondary","caption":{"$type":"ExpressionProperty","expression":{"expr":{"type":"literal","value":"Stopped"},"args":{}}},"renderMode":"span"}}]}}],"editable":false},"dynamicText":null,"header":{"$type":"ExpressionProperty","expression":{"expr":{"type":"literal","value":"Status"},"args":{}}},"tooltip":null,"filter":[{"$widgetId":"18.Administration.ScheduledEvents.drop_downFilter1","widget":"com.mendix.widget.web.datagriddropdownfilter.DatagridDropdownFilter","props":{"auto":true,"advanced":false,"filterOptions":[],"emptyOptionCaption":{"$type":"ExpressionProperty","expression":{"expr":{"type":"literal","value":""},"args":{}}},"multiSelect":false,"onChange":null,"ariaLabel":{"$type":"ExpressionProperty","expression":{"expr":{"type":"literal","value":""},"args":{}}},"class":"mx-name-drop_downFilter1"}}],"visible":{"$type":"ExpressionProperty","expression":{"expr":{"type":"literal","value":true},"args":{}}},"sortable":true,"resizable":true,"draggable":true,"hidable":"yes","width":"autoFill","size":1,"alignment":"left","wrapText":false,"minWidth":"auto","minWidthLimit":100,"allowEventPropagation":true},{"showContentAs":"dynamicText","attribute":{"$type":"ListAttributeProperty","path":"","entity":"System.ScheduledEventInformation","attribute":"EndTime","attributeType":"DateTime","sortable":true,"filterable":true,"dataSourceId":"18.10"},"content":null,"dynamicText":{"$type":"ListExpressionProperty","expression":{"expr":{"type":"function","name":"_format","parameters":[{"type":"variable","variable":"currentObject","path":"EndTime"},{"type":"literal","value":"{\"type\":\"datetime\"}"}]},"args":{"currentObject":{"widget":"18.Administration.ScheduledEvents.dataGrid21","source":"object"}}},"dataSourceId":"18.10"},"header":{"$type":"ExpressionProperty","expression":{"expr":{"type":"literal","value":"End time"},"args":{}}},"tooltip":null,"filter":[{"$widgetId":"18.Administration.ScheduledEvents.dateFilter2","widget":"com.mendix.widget.web.datagriddatefilter.DatagridDateFilter","props":{"advanced":false,"defaultFilter":"equal","placeholder":{"$type":"ExpressionProperty","expression":{"expr":{"type":"literal","value":""},"args":{}}},"adjustable":true,"onChange":null,"screenReaderButtonCaption":{"$type":"ExpressionProperty","expression":{"expr":{"type":"literal","value":""},"args":{}}},"screenReaderCalendarCaption":{"$type":"ExpressionProperty","expression":{"expr":{"type":"literal","value":""},"args":{}}},"screenReaderInputCaption":{"$type":"ExpressionProperty","expression":{"expr":{"type":"literal","value":""},"args":{}}},"class":"mx-name-dateFilter2"}}],"visible":{"$type":"ExpressionProperty","expression":{"expr":{"type":"literal","value":true},"args":{}}},"sortable":true,"resizable":true,"draggable":true,"hidable":"yes","width":"autoFill","size":1,"alignment":"left","wrapText":false,"minWidth":"auto","minWidthLimit":100,"allowEventPropagation":true}],"columnsFilterable":true,"pageSize":20,"pagination":"buttons","pagingPosition":"bottom","showPagingButtons":"always","showEmptyPlaceholder":"none","emptyPlaceholder":null,"onClick":null,"onSelectionChange":null,"columnsSortable":true,"columnsResizable":true,"columnsDraggable":true,"columnsHidable":true,"filterList":[],"filtersPlaceholder":null,"filterSectionTitle":{"$type":"ExpressionProperty","expression":{"expr":{"type":"literal","value":""},"args":{}}},"exportDialogLabel":{"$type":"ExpressionProperty","expression":{"expr":{"type":"literal","value":"Export progress"},"args":{}}},"cancelExportLabel":{"$type":"ExpressionProperty","expression":{"expr":{"type":"literal","value":"Cancel data export"},"args":{}}},"selectRowLabel":{"$type":"ExpressionProperty","expression":{"expr":{"type":"literal","value":"Select row"},"args":{}}},"onClickTrigger":"single","itemSelectionMode":"clear","loadMoreButtonCaption":{"$type":"ExpressionProperty","expression":{"expr":{"type":"literal","value":"Load More"},"args":{}}},"configurationStorageType":"attribute","class":"mx-name-dataGrid21"}}]}}]}}]}}],"selections":[]'></div></m:argument></m:arguments><m:enums>{"System.EventStatus":[["Running","Running"],["Completed","Completed"],["Error","Error"],["Stopped","Stopped"]]}</m:enums></m:page>