{
  "bomFormat" : "CycloneDX",
  "specVersion" : "1.4",
  "version" : 1,
  "metadata" : {
    "tools" : [
      {
        "vendor" : "CycloneDX",
        "name" : "cyclonedx-gradle-plugin",
        "version" : "1.8.1"
      }
    ],
    "component" : {
      "group" : "com.mendix",
      "name" : "temp",
      "version" : "1.0.0",
      "purl" : "pkg:maven/com.mendix/temp@1.0.0?type=jar",
      "type" : "application",
      "bom-ref" : "pkg:maven/com.mendix/temp@1.0.0?type=jar"
    }
  },
  "components" : [
    {
      "group" : "org.checkerframework",
      "name" : "checker-qual",
      "version" : "3.5.0",
      "description" : "Checker Qual is the set of annotations (qualifiers) and supporting classes used by the Checker Framework to type check Java source code. Please see artifact: org.checkerframework:checker",
      "hashes" : [
        {
          "alg" : "MD5",
          "content" : "4464def1ed5c10f248ebfe1bccbedf1a"
        },
        {
          "alg" : "SHA-1",
          "content" : "2f50520c8abea66fbd8d26e481d3aef5c673b510"
        },
        {
          "alg" : "SHA-256",
          "content" : "729990b3f18a95606fc2573836b6958bcdb44cb52bfbd1b7aa9c339cff35a5a4"
        },
        {
          "alg" : "SHA-512",
          "content" : "407d0ac59b02cbef7d93f25c8b287cd587232aa5ddfee6d2c7ba34d712565b0a5adfe52b5daa20d3e6c3ab1e7a5f8b08698078d9179185a1b35ada1eb92213bf"
        },
        {
          "alg" : "SHA-384",
          "content" : "01fb1d7a7440f807b2bdb697c709dfa5897edc0755152c0fef465cf77dd820623fccb410ad033e3d52d4b0bc57409ecf"
        },
        {
          "alg" : "SHA3-384",
          "content" : "626beff2173578c3a2ad732c81c48a9b091c9ffdea7d50f4b812fd14cd8299ab7a726b052808490b1022faca69aa6e91"
        },
        {
          "alg" : "SHA3-256",
          "content" : "4fbe95b196e75e549f66831e9b1f8f46cfe1793f4fda350857f5f24349d74af1"
        },
        {
          "alg" : "SHA3-512",
          "content" : "2c84365b1fcd16a765e49c5d8f30f28c3fe7cfe868ac32be726d8b9351c9053ffea23cfa1db9fb5c59c9928d22ad01c3c894d798e115bc446447228c7c4b24c6"
        }
      ],
      "licenses" : [
        {
          "license" : {
            "id" : "MIT"
          }
        }
      ],
      "purl" : "pkg:maven/org.checkerframework/checker-qual@3.5.0?type=jar",
      "modified" : false,
      "externalReferences" : [
        {
          "type" : "vcs",
          "url" : "https://github.com/typetools/checker-framework.git"
        }
      ],
      "type" : "library",
      "bom-ref" : "pkg:maven/org.checkerframework/checker-qual@3.5.0?type=jar"
    },
    {
      "publisher" : "Zaxxer.com",
      "group" : "com.zaxxer",
      "name" : "HikariCP",
      "version" : "5.0.1",
      "description" : "Ultimate JDBC Connection Pool",
      "hashes" : [
        {
          "alg" : "MD5",
          "content" : "3bc96d2ce8285470da11ec41bff6129f"
        },
        {
          "alg" : "SHA-1",
          "content" : "a74c7f0a37046846e88d54f7cb6ea6d565c65f9c"
        },
        {
          "alg" : "SHA-256",
          "content" : "26d492397e6775b4296737a8919bf04047afe5827fdd2c08b4557595436b3a2b"
        },
        {
          "alg" : "SHA-512",
          "content" : "0a932d8c1083d3ba8eb6e004aa1783cc3f6df7424666f1d61ca6606715afbbb3da20bc0b61efd91bb3162f8092100ddad5e90fe019f818c89cc69a8d8d0bd5d5"
        },
        {
          "alg" : "SHA-384",
          "content" : "7076c4dfe7763b477aa23309d0103290e035c88478bef5bb2189bff5d7a3942fcf6b510318863b8d55a7495586284d7c"
        },
        {
          "alg" : "SHA3-384",
          "content" : "44ad2bde5beae862db7faba2e6f99b9e49076345f78f94136e5de2e10db972b786a544e009cf162f516953bb159085c6"
        },
        {
          "alg" : "SHA3-256",
          "content" : "3cd38fb84432c644bd831436b11c9b37be7dc8b2fc72b9517427c0008cc42e46"
        },
        {
          "alg" : "SHA3-512",
          "content" : "65a38105f390df9a4cfddcf2043206266cf0b2bb31a8797e08338dc4d631da31bae81998eb051e0f2767928783d5af55cc6d4b9bae47ad313cb66195cdc9f7e3"
        }
      ],
      "licenses" : [
        {
          "license" : {
            "id" : "Apache-2.0"
          }
        }
      ],
      "purl" : "pkg:maven/com.zaxxer/HikariCP@5.0.1?type=jar",
      "modified" : false,
      "externalReferences" : [
        {
          "type" : "website",
          "url" : "https://github.com/brettwooldridge"
        }
      ],
      "type" : "library",
      "bom-ref" : "pkg:maven/com.zaxxer/HikariCP@5.0.1?type=jar"
    },
    {
      "group" : "com.oracle.database.security",
      "name" : "osdt_core",
      "version" : "21.5.0.0",
      "description" : "Core components for use with osdt_cert",
      "hashes" : [
        {
          "alg" : "MD5",
          "content" : "bc2d8bfccf561f401110b7db48a77135"
        },
        {
          "alg" : "SHA-1",
          "content" : "6dca3329ae25b77d924a1f32cacd2dbf9156f4de"
        },
        {
          "alg" : "SHA-256",
          "content" : "d52d7c54cf72b8e9f5fdf3c878f90b9e2832e04fe944ceac1dcfba3fe0f32f7a"
        },
        {
          "alg" : "SHA-512",
          "content" : "8bdde9d0c999d5a90f5eecc4ec8754beddbb486fce828046dc362a74752bd08e10f5cbc84d12f5672119c8cfc4942819274f08afeaa670b018daf014a15da237"
        },
        {
          "alg" : "SHA-384",
          "content" : "9a404d4d64db0fffea31e85e6431f79305f6ed9bfeccc44b573b855e4d9445a635e89a5fbcd88cefb971099d0dcff727"
        },
        {
          "alg" : "SHA3-384",
          "content" : "b8de5f0d6ba90d0b61214bfc8edd8816685d29207bf5f08a6b31f27bbf509949c3601223b9dfa0a916f14f0077d87e46"
        },
        {
          "alg" : "SHA3-256",
          "content" : "872d389067a79b25fbe49d05d990a4360f6417840f03bbd761af18e2d8a19904"
        },
        {
          "alg" : "SHA3-512",
          "content" : "54784c031917277ebe2fb473f76c9429c06e3dd75668e0b0a50494246fcd93f82b68b961c9cc81a4b23690e0ae44b87f30944cdbcd2b263b0ba5bc3495d499d6"
        }
      ],
      "licenses" : [
        {
          "license" : {
            "name" : "Oracle Free Use Terms and Conditions (FUTC)",
            "url" : "https://www.oracle.com/downloads/licenses/oracle-free-license.html"
          }
        }
      ],
      "purl" : "pkg:maven/com.oracle.database.security/osdt_core@21.5.0.0?type=jar",
      "modified" : false,
      "externalReferences" : [
        {
          "type" : "vcs",
          "url" : ""
        }
      ],
      "type" : "library",
      "bom-ref" : "pkg:maven/com.oracle.database.security/osdt_core@21.5.0.0?type=jar"
    },
    {
      "group" : "com.oracle.database.jdbc",
      "name" : "ojdbc8",
      "version" : "21.5.0.0",
      "description" : "Oracle JDBC Driver compatible with JDK8, JDK11, JDK12, JDK13, JDK14 and JDK15",
      "hashes" : [
        {
          "alg" : "MD5",
          "content" : "e4ccbed15751a1baf30460d54cd3f821"
        },
        {
          "alg" : "SHA-1",
          "content" : "eb13f0948ca8675f71d59b5e8a1129d4c6189e7a"
        },
        {
          "alg" : "SHA-256",
          "content" : "b5f1413c02c8d550bb288f44602d0034078723f32b9eec8f778787f6b09fe843"
        },
        {
          "alg" : "SHA-512",
          "content" : "03c3297cb36b8fb4fefcc648c39c5d1d38088da74c6b721165065239c4ba0da86c4fa4e2d58c5d74adad996a0efb6d6a4402a04161da58ebbe3343592cb14d6f"
        },
        {
          "alg" : "SHA-384",
          "content" : "eaedcd98e35b7edd3653dd3d74d1b3895acc5eb0ad9f5dbdca9a8361df9bce1360cfd505f28b36ff0fed99249fd533a0"
        },
        {
          "alg" : "SHA3-384",
          "content" : "8e295b59c7a6ad2fd11686e3a836ab85fd641002153510bd93860c711789000986f30e6d1c908d7bdcf7c47d8f289004"
        },
        {
          "alg" : "SHA3-256",
          "content" : "dadc90c0f5cf630461770b09af673528cb7d00e2ffed4af950c9a95623503495"
        },
        {
          "alg" : "SHA3-512",
          "content" : "20d8d6fe23e0422e19121260a586041b452de3e09e2fa949187f2a3b0e21c0c013887d7c327d740c503bb9be87ca66047f60a200b92090fd8f47b88c42104c07"
        }
      ],
      "licenses" : [
        {
          "license" : {
            "name" : "Oracle Free Use Terms and Conditions (FUTC)",
            "url" : "https://www.oracle.com/downloads/licenses/oracle-free-license.html"
          }
        }
      ],
      "purl" : "pkg:maven/com.oracle.database.jdbc/ojdbc8@21.5.0.0?type=jar",
      "modified" : false,
      "externalReferences" : [
        {
          "type" : "vcs",
          "url" : ""
        }
      ],
      "type" : "library",
      "bom-ref" : "pkg:maven/com.oracle.database.jdbc/ojdbc8@21.5.0.0?type=jar"
    },
    {
      "group" : "com.oracle.database.ha",
      "name" : "ons",
      "version" : "21.5.0.0",
      "description" : "Oracle Notification System (ONS) library for FAN events",
      "hashes" : [
        {
          "alg" : "MD5",
          "content" : "14d353ace304811980ff89b0736936de"
        },
        {
          "alg" : "SHA-1",
          "content" : "d9b230dcf8405ba5d8dec90de9f1e409b70c9b83"
        },
        {
          "alg" : "SHA-256",
          "content" : "7bb98f590bbe0d47b33244c75c8ad801505695f491e7360cdc00df97476143b1"
        },
        {
          "alg" : "SHA-512",
          "content" : "9c107cf4e853bc0581d974192b67e4a8e07c8ea62a30991c5f64e347c1b1e769c35706855bdcaeb05edcbbfffae35d8053e3e58040c343e12657701bf48f4732"
        },
        {
          "alg" : "SHA-384",
          "content" : "d9e3d14415da584528c150e83c74997aaa929a0c0c02a6ae42dd837b020b55949f03d053e593745c4abf06f4bd0f7936"
        },
        {
          "alg" : "SHA3-384",
          "content" : "9a09d8835033dafe19c6441bfdf60e6b10b1832df1644895688952635d0f5bb68ae4906360397373c3a8f57186d48b5d"
        },
        {
          "alg" : "SHA3-256",
          "content" : "c61498bbf274c6cd6297d60a3564ea48e5e5f51186812a6ff0689c8dd0834f24"
        },
        {
          "alg" : "SHA3-512",
          "content" : "2ecf4b2500cfa0ac9cce4f180d7238f72f9127de8668fbef968873e109bbdf9aca5241c7789c58f83a399d7f1d08f148006f9c6e62f20f1f03404134acac23df"
        }
      ],
      "licenses" : [
        {
          "license" : {
            "name" : "Oracle Free Use Terms and Conditions (FUTC)",
            "url" : "https://www.oracle.com/downloads/licenses/oracle-free-license.html"
          }
        }
      ],
      "purl" : "pkg:maven/com.oracle.database.ha/ons@21.5.0.0?type=jar",
      "modified" : false,
      "externalReferences" : [
        {
          "type" : "vcs",
          "url" : ""
        }
      ],
      "type" : "library",
      "bom-ref" : "pkg:maven/com.oracle.database.ha/ons@21.5.0.0?type=jar"
    },
    {
      "group" : "com.oracle.database.security",
      "name" : "oraclepki",
      "version" : "21.5.0.0",
      "description" : "Oracle PKI to access Oracle Wallets from Java",
      "hashes" : [
        {
          "alg" : "MD5",
          "content" : "d3cded7d02af2b82bd29be1407d4cf30"
        },
        {
          "alg" : "SHA-1",
          "content" : "edeb1ecf18a165b9e217295808c5087059560187"
        },
        {
          "alg" : "SHA-256",
          "content" : "ca8eb2fcb84d283644b73ca722d09d5df03b89d7192f1420c77b804297b76501"
        },
        {
          "alg" : "SHA-512",
          "content" : "2348022547c6fcfa0aa46fede7a8bc9076e04b3869044d5003dcc18768e022da4c34865a1771a40a24f0c245f752e0860c1d04bd45fbb671b0bc99ee19329cb8"
        },
        {
          "alg" : "SHA-384",
          "content" : "3ad93f427885829d348ec00ee4efb65207fa7076e3b3bdb6be4d50fea95076dfad68613b6d3319b335702183ffcee191"
        },
        {
          "alg" : "SHA3-384",
          "content" : "124f51d774c931a468c8a673496500ab63bf564481067c30270b20b0670996d11fbdc4a330d265c0690c296ff8067e94"
        },
        {
          "alg" : "SHA3-256",
          "content" : "b89c1b65939a18651dd0cbef34e762df4bbdfa0241313a75c2413d4b30b61027"
        },
        {
          "alg" : "SHA3-512",
          "content" : "60d1300eb75b88a3a274abd2458a43b373f68dee63e6f943028bf08468ea25d5f0e28fc6bb35699672798d5207e667622d97dd7083185f19160d89bd51c37ee3"
        }
      ],
      "licenses" : [
        {
          "license" : {
            "name" : "Oracle Free Use Terms and Conditions (FUTC)",
            "url" : "https://www.oracle.com/downloads/licenses/oracle-free-license.html"
          }
        }
      ],
      "purl" : "pkg:maven/com.oracle.database.security/oraclepki@21.5.0.0?type=jar",
      "modified" : false,
      "externalReferences" : [
        {
          "type" : "vcs",
          "url" : ""
        }
      ],
      "type" : "library",
      "bom-ref" : "pkg:maven/com.oracle.database.security/oraclepki@21.5.0.0?type=jar"
    },
    {
      "group" : "org.hamcrest",
      "name" : "hamcrest-core",
      "version" : "1.1",
      "hashes" : [
        {
          "alg" : "MD5",
          "content" : "b66d0c48e1f1dc54d4227db52512c15b"
        },
        {
          "alg" : "SHA-1",
          "content" : "860340562250678d1a344907ac75754e259cdb14"
        },
        {
          "alg" : "SHA-256",
          "content" : "0361d1493ff0d94f861359efea91200720635072134792efb7217f6e09d5cffb"
        },
        {
          "alg" : "SHA-512",
          "content" : "eef6453bb867d173f3611844a95e0b9d1792ee35c0c49d20a309d87c7140dfacee0fc479def9a32351773d3f0d9dc51bef8d9ec30f84189fcd7f44a2892b52b4"
        },
        {
          "alg" : "SHA-384",
          "content" : "f0eefd636c181ad2db515e1771d8d261b0a274d7998b7a39090ad5f7b6ee75dc43043ae4976ff62145b83b567ed8042e"
        },
        {
          "alg" : "SHA3-384",
          "content" : "0340e12b1e115d4b01bdeac4e38eb16a8e413ec9c3d1da7445d2b1388c9f51b6f0e51cec11eb3caa3d2fac51d8450849"
        },
        {
          "alg" : "SHA3-256",
          "content" : "c1cf561c262f43751e4041e6e1807a197ef2553eb3d0af276acfbfc12d56ed2d"
        },
        {
          "alg" : "SHA3-512",
          "content" : "b1c4e4857e963257880b5eb4e23c55d6479193680178da83ea84be90d19eda2a7f66d8d74182dfe3a3d5808fe62b3664f96677c94a5eaba65181c5cde57a166b"
        }
      ],
      "licenses" : [
        {
          "license" : {
            "name" : "BSD style",
            "url" : "http://www.opensource.org/licenses/bsd-license.php"
          }
        }
      ],
      "purl" : "pkg:maven/org.hamcrest/hamcrest-core@1.1?type=jar",
      "modified" : false,
      "type" : "library",
      "bom-ref" : "pkg:maven/org.hamcrest/hamcrest-core@1.1?type=jar"
    },
    {
      "publisher" : "mariadb.com",
      "group" : "org.mariadb.jdbc",
      "name" : "mariadb-java-client",
      "version" : "2.7.5",
      "description" : "JDBC driver for MariaDB and MySQL",
      "hashes" : [
        {
          "alg" : "MD5",
          "content" : "dcdfc66e3040b2beafa715a413a98268"
        },
        {
          "alg" : "SHA-1",
          "content" : "9dd29797ecabe7d2e7fa892ec6713a5552cfcc59"
        },
        {
          "alg" : "SHA-256",
          "content" : "ef17f2181e0ae9a7c43c846e31bdf4f6b7ba061bf67b5bd0b078bec8fa008324"
        },
        {
          "alg" : "SHA-512",
          "content" : "678e0ae4ee2e3fbe81f6d575af2989102d5851c7f4fb1063c20c7cd5af1aea066be173912af8425b1f2243a3ab0942736cc2106a6be343c20c1c02d022562940"
        },
        {
          "alg" : "SHA-384",
          "content" : "9b68019129ebec19098c6475818a668f955b216b231725a7c44ec40d74b41be9ac0c95a4af3a44238bbab14f9e38b0c0"
        },
        {
          "alg" : "SHA3-384",
          "content" : "16e98111503293d42aab8691e0f1a115fdc71eb2e71f18116818c0fb7baa9d8f185445103fef494c821ec1ac80638e50"
        },
        {
          "alg" : "SHA3-256",
          "content" : "aa5d76695557b63bbdea6e4191e473c321574b5abc727dff0464c525e83634f4"
        },
        {
          "alg" : "SHA3-512",
          "content" : "4c9c243e5e4c1a7dc1a2ad3078496bfa11b775823361e3f73376aaf43b93964d01d9abb95ab78828f8b78b536d19cb23d55388c9f7ebf72094d93df4166b89d7"
        }
      ],
      "licenses" : [
        {
          "license" : {
            "id" : "LGPL-2.1",
            "url" : "https://www.gnu.org/licenses/old-licenses/lgpl-2.1-standalone.html"
          }
        }
      ],
      "purl" : "pkg:maven/org.mariadb.jdbc/mariadb-java-client@2.7.5?type=jar",
      "modified" : false,
      "externalReferences" : [
        {
          "type" : "website",
          "url" : "https://mariadb.com"
        },
        {
          "type" : "issue-tracker",
          "url" : "https://mariadb.atlassian.net/browse/CONJ"
        },
        {
          "type" : "vcs",
          "url" : "https://github.com/mariadb-corporation/mariadb-connector-j"
        }
      ],
      "type" : "library",
      "bom-ref" : "pkg:maven/org.mariadb.jdbc/mariadb-java-client@2.7.5?type=jar"
    },
    {
      "publisher" : "PostgreSQL Global Development Group",
      "group" : "org.postgresql",
      "name" : "postgresql",
      "version" : "42.4.4",
      "description" : "PostgreSQL JDBC Driver Postgresql",
      "hashes" : [
        {
          "alg" : "MD5",
          "content" : "e8b1510df507882e3448f424c1cc7594"
        },
        {
          "alg" : "SHA-1",
          "content" : "d926b472eeef3b878ac75ec55b246606f8c109ee"
        },
        {
          "alg" : "SHA-256",
          "content" : "807603b5e756e74a0f23bb9a84bb5a8cebfd417f123e86d2df9675ce0b6627f2"
        },
        {
          "alg" : "SHA-512",
          "content" : "e0acdfc0e71a55ec762cc57bb669d4f4de8a08471ea2bb19f682bb225c139e2656909cf8f34352c60280b17f136228350fce83114a3f1f83ed11cb02dac113be"
        },
        {
          "alg" : "SHA-384",
          "content" : "2c2df502f9ed409e9290649465f6f16fe7c04b69c9ef8261c588311a3c7f04d51d2b0acdaf806cafeaaa94403478cb64"
        },
        {
          "alg" : "SHA3-384",
          "content" : "cf4a7123b3366b1262989d5c5ebaf7d81c2fc39f0ef9aa2def91b0e58ad9a6052597d438230922986acf5ae61016d45b"
        },
        {
          "alg" : "SHA3-256",
          "content" : "01601b5507277e89171f6d8c39e9632444880f11f292b2a9da85a77e82eb0654"
        },
        {
          "alg" : "SHA3-512",
          "content" : "b858a891030a918abde69ceb350b15b78f8f67f7b35cf9a8715f8c0bd4f0a2cd104f63b5c449c26895e34a70b1a078f7ae8d1806c2e320d2757cbc7a9305bed6"
        }
      ],
      "licenses" : [
        {
          "license" : {
            "id" : "BSD-2-Clause",
            "url" : "https://opensource.org/licenses/BSD-2-Clause"
          }
        }
      ],
      "purl" : "pkg:maven/org.postgresql/postgresql@42.4.4?type=jar",
      "modified" : false,
      "externalReferences" : [
        {
          "type" : "website",
          "url" : "https://jdbc.postgresql.org/"
        },
        {
          "type" : "issue-tracker",
          "url" : "https://github.com/pgjdbc/pgjdbc/issues"
        },
        {
          "type" : "mailing-list",
          "url" : "https://www.postgresql.org/list/pgsql-jdbc/"
        },
        {
          "type" : "vcs",
          "url" : "https://github.com/pgjdbc/pgjdbc"
        }
      ],
      "type" : "library",
      "bom-ref" : "pkg:maven/org.postgresql/postgresql@42.4.4?type=jar"
    },
    {
      "group" : "com.googlecode.json-simple",
      "name" : "json-simple",
      "version" : "1.1.1",
      "description" : "A simple Java toolkit for JSON",
      "hashes" : [
        {
          "alg" : "MD5",
          "content" : "5cc2c478d73e8454b4c369cee66c5bc7"
        },
        {
          "alg" : "SHA-1",
          "content" : "c9ad4a0850ab676c5c64461a05ca524cdfff59f1"
        },
        {
          "alg" : "SHA-256",
          "content" : "4e69696892b88b41c55d49ab2fdcc21eead92bf54acc588c0050596c3b75199c"
        },
        {
          "alg" : "SHA-512",
          "content" : "f8798bfbcc8ab8001baf90ce47ec2264234dc1da2d4aa97fdcdc0990472a6b5a5a32f828e776140777d598a99d8a0c0f51c6d0767ae1a829690ab9200ae35742"
        },
        {
          "alg" : "SHA-384",
          "content" : "cec0c65bc033bf449a9214c37f4a4f1b8e6d90120cc613b677cfbe92f2b7bb68285d1d910146f1fd7ea7c622f898dcb5"
        },
        {
          "alg" : "SHA3-384",
          "content" : "f489282b37e79b1f5d9ac27b66b61ca4bdc7697e7e27724e3dbc96fd5fc43e5c003b8dfbaa6947a9112d2aee15858ddf"
        },
        {
          "alg" : "SHA3-256",
          "content" : "0de6743867e024955c58f771a38bda33c8e975e9066765db36b0db3e519f9534"
        },
        {
          "alg" : "SHA3-512",
          "content" : "2566d35f2f426dbb5bd2a6cbab7ba1b78e503a315bcd784054dadbce7f98f41ec2cd1bb45be1677fdc909fb26e060b35b0064a3cd8c5dc6029cec891dd8ba77b"
        }
      ],
      "licenses" : [
        {
          "license" : {
            "id" : "Apache-2.0"
          }
        }
      ],
      "purl" : "pkg:maven/com.googlecode.json-simple/json-simple@1.1.1?type=jar",
      "modified" : false,
      "externalReferences" : [
        {
          "type" : "vcs",
          "url" : "http://json-simple.googlecode.com/svn/trunk/"
        }
      ],
      "type" : "library",
      "bom-ref" : "pkg:maven/com.googlecode.json-simple/json-simple@1.1.1?type=jar"
    },
    {
      "group" : "com.oracle.database.ha",
      "name" : "simplefan",
      "version" : "21.5.0.0",
      "description" : "Simple Fast Application Notification (FAN) library",
      "hashes" : [
        {
          "alg" : "MD5",
          "content" : "1665f839725fa40a2fda094940d90a33"
        },
        {
          "alg" : "SHA-1",
          "content" : "5d3d5cabd75898e4251a6eed747a76a6aca98b45"
        },
        {
          "alg" : "SHA-256",
          "content" : "9e7743e0a520f886d23be05d9c594f1c0961a7825b9779e5bb9fcfdc28504cb7"
        },
        {
          "alg" : "SHA-512",
          "content" : "e1742ced364ef64f140a3f6c807a4cc6915d38c36c99efc7ee671123af3e7cf2c1e3133610725b1af05d152a5a878b1c03bc29474f8b509883d65e1e14b0df5a"
        },
        {
          "alg" : "SHA-384",
          "content" : "4b4af2feef01bc4a73e20e7968c103a9b8dc5f9b71ecea53192023ce65f267b2337a1403f221a3b2d5516ffa14c8afca"
        },
        {
          "alg" : "SHA3-384",
          "content" : "5f4d982097aa34206065464593e375f60f0aea14cf2a66fb736fec61ae2b57c923df6e157c098cb3375ee07a03e85bfc"
        },
        {
          "alg" : "SHA3-256",
          "content" : "f6d7ffeced67f8655426efb746e6ad0b78eeab5c2ee28a9e83d85ce5aa885e01"
        },
        {
          "alg" : "SHA3-512",
          "content" : "72f2a130cd26269f05ccb634ffae5ed7f10b77315056d2b127c487b64be54245c9166474ccbba2f864977d9684dbe8923f949751a2f58ba1e672e964b0d45e4a"
        }
      ],
      "licenses" : [
        {
          "license" : {
            "name" : "Oracle Free Use Terms and Conditions (FUTC)",
            "url" : "https://www.oracle.com/downloads/licenses/oracle-free-license.html"
          }
        }
      ],
      "purl" : "pkg:maven/com.oracle.database.ha/simplefan@21.5.0.0?type=jar",
      "modified" : false,
      "externalReferences" : [
        {
          "type" : "vcs",
          "url" : ""
        }
      ],
      "type" : "library",
      "bom-ref" : "pkg:maven/com.oracle.database.ha/simplefan@21.5.0.0?type=jar"
    },
    {
      "group" : "org.slf4j",
      "name" : "slf4j-api",
      "version" : "2.0.7",
      "description" : "The slf4j API",
      "hashes" : [
        {
          "alg" : "MD5",
          "content" : "403dffa46cdd2e3c82da19df4f394a4c"
        },
        {
          "alg" : "SHA-1",
          "content" : "41eb7184ea9d556f23e18b5cb99cad1f8581fc00"
        },
        {
          "alg" : "SHA-256",
          "content" : "5d6298b93a1905c32cda6478808ac14c2d4a47e91535e53c41f7feeb85d946f4"
        },
        {
          "alg" : "SHA-512",
          "content" : "216d2cac27d501972c888f94dfa747d700b80d60813884b6ab4b12c6a3b17ed0c21a1d27e1aa4332c97c828f20039e3913d2763d7e1a3cef36ae4389a276e7a8"
        },
        {
          "alg" : "SHA-384",
          "content" : "c25b39f418aa726ba8405dfd9b356131f89984e2ef5a55a724a2abf3b7c78443f671105835161d2414d602cf03da9f2d"
        },
        {
          "alg" : "SHA3-384",
          "content" : "f33abfaac21badae6f85d3ebbc6c1204fd7fda3bb15173e763fa8cee95bce6a8270eec2c8f49343c66c8d2767bc317e1"
        },
        {
          "alg" : "SHA3-256",
          "content" : "6e00d4b264a2afc4ca4e98f716ecece66c32c626ca3f8c5d56b22092b6fe417b"
        },
        {
          "alg" : "SHA3-512",
          "content" : "ad7b9142d370fc532a07cdd43881a129b012ff50e2bede3ac27d9bd31ec707bf2f45e82002fa59e962955cc38ab73cdd77713fca50cedc926c046f5617c1285b"
        }
      ],
      "licenses" : [
        {
          "license" : {
            "id" : "MIT",
            "url" : "https://opensource.org/licenses/MIT"
          }
        }
      ],
      "purl" : "pkg:maven/org.slf4j/slf4j-api@2.0.7?type=jar",
      "modified" : false,
      "type" : "library",
      "bom-ref" : "pkg:maven/org.slf4j/slf4j-api@2.0.7?type=jar"
    },
    {
      "group" : "net.snowflake",
      "name" : "snowflake-jdbc",
      "version" : "3.14.0",
      "description" : "Snowflake JDBC Driver",
      "hashes" : [
        {
          "alg" : "MD5",
          "content" : "97f1c1358562bfd70cdd9554e3b85eb7"
        },
        {
          "alg" : "SHA-1",
          "content" : "ce437a14ceaa92a8f8a878cbca676636639e1667"
        },
        {
          "alg" : "SHA-256",
          "content" : "fb5b4ea89671bcd211994f7efae919c42dde044f49391fa64a8b601ada38dfe9"
        },
        {
          "alg" : "SHA-512",
          "content" : "aae963d0e87cae702e120f213ebe74063384cb7ec44bbbec93549d9634e08bb7bfb4c02c7f0a6986b3292258ff95b5decc925ea19674a4bffc146e2e3e845331"
        },
        {
          "alg" : "SHA-384",
          "content" : "87e70a8ba6b1eafdcadbbd6c1f0b47eeb3c7b6ed3ae52d0f95c83e2f293e0a63f8d2d9707745c292701c23bc4cb48168"
        },
        {
          "alg" : "SHA3-384",
          "content" : "b5b6ddc53bb854b4d686764900e44c48d932fd21ac2abd0d51aecb7891d6ee8e5a54990b37291e85f5d60901ab2a0e47"
        },
        {
          "alg" : "SHA3-256",
          "content" : "9016a6182a67abdc5aabc2e7a32cec7e5bab885aa15d5bca9ab737b8238b6fcc"
        },
        {
          "alg" : "SHA3-512",
          "content" : "225c3af08ba7dc70e2371eedc878ab3f1f0d018179efea718d059fe36b2e2ff6780351a6149a0514c1ef70f4150a243ed3706af13056620930be51470d75866f"
        }
      ],
      "licenses" : [
        {
          "license" : {
            "id" : "Apache-2.0"
          }
        }
      ],
      "purl" : "pkg:maven/net.snowflake/snowflake-jdbc@3.14.0?type=jar",
      "modified" : false,
      "externalReferences" : [
        {
          "type" : "vcs",
          "url" : "http://github.com/snowflakedb/snowflake-jdbc/tree/master"
        }
      ],
      "type" : "library",
      "bom-ref" : "pkg:maven/net.snowflake/snowflake-jdbc@3.14.0?type=jar"
    },
    {
      "group" : "com.oracle.database.security",
      "name" : "osdt_cert",
      "version" : "21.5.0.0",
      "description" : "Certificate management components used for Oracle Wallets",
      "hashes" : [
        {
          "alg" : "MD5",
          "content" : "ec7c3c5cf573c4b352b206c84f874844"
        },
        {
          "alg" : "SHA-1",
          "content" : "dec25fb5d448ab65f3ba4f63e59038fb3eff9c0d"
        },
        {
          "alg" : "SHA-256",
          "content" : "bec010a5c6e090430168a35b4faaabca7cb6e5b5e40c1d57fe2f65620c438ce1"
        },
        {
          "alg" : "SHA-512",
          "content" : "7f4ddfd29b2fbdc61313fa755257d567d44dfffa261437390c17b050953a6f94c033ede732a85728e6aa1457abd6535106504f938e8a64321862b3e279c4418c"
        },
        {
          "alg" : "SHA-384",
          "content" : "ed0d6b5c6180f4a0dbc02e7146efb128a0c3da39b79f5bcf205aa2a1283604e82c91db35e47e120d4d6a98d909848208"
        },
        {
          "alg" : "SHA3-384",
          "content" : "195ab2c89b92cf2068a77b59d4e0bdb93276e9d414bffab3c62f898e1413337d08bf151a765efe627700518c43f737fc"
        },
        {
          "alg" : "SHA3-256",
          "content" : "0a57a2def80292493dbcbb4b34e4f230f240471e3db5ea07976b154cfb401a28"
        },
        {
          "alg" : "SHA3-512",
          "content" : "1c675dc154097932d92e689aacbc6803095aa3942784064e0b4cb4b9acbe4f4f35dac9db0734ed684c575e8a065e12fec5364d9eb7572c5ee5ca7d65702b1c19"
        }
      ],
      "licenses" : [
        {
          "license" : {
            "name" : "Oracle Free Use Terms and Conditions (FUTC)",
            "url" : "https://www.oracle.com/downloads/licenses/oracle-free-license.html"
          }
        }
      ],
      "purl" : "pkg:maven/com.oracle.database.security/osdt_cert@21.5.0.0?type=jar",
      "modified" : false,
      "externalReferences" : [
        {
          "type" : "vcs",
          "url" : ""
        }
      ],
      "type" : "library",
      "bom-ref" : "pkg:maven/com.oracle.database.security/osdt_cert@21.5.0.0?type=jar"
    },
    {
      "publisher" : "Microsoft Corporation",
      "group" : "com.microsoft.sqlserver",
      "name" : "mssql-jdbc",
      "version" : "9.4.0.jre11",
      "description" : "Microsoft JDBC Driver for SQL Server.",
      "hashes" : [
        {
          "alg" : "MD5",
          "content" : "5a76d280dd224ef1037dcfe09723872b"
        },
        {
          "alg" : "SHA-1",
          "content" : "a6f15b77f9a37aaaaeec829a5040efd1ddec2261"
        },
        {
          "alg" : "SHA-256",
          "content" : "f130c32eda730b9f8cfe601ad88d0544405d0ebea27c306746f10062d6b03eb5"
        },
        {
          "alg" : "SHA-512",
          "content" : "4675e4cdb4b21628cd07f9cbdcee94427e0c505454cd4db474e879e7697e23861fac7fb5ba6c43c81a5ad949b7c53c8063f6957cc1333bc80be30085badd399d"
        },
        {
          "alg" : "SHA-384",
          "content" : "f18ea4448d764a4ad92519490b5440040223fce77c54205a28a108fed21391db4fb4d4174663469509542e445810c3c9"
        },
        {
          "alg" : "SHA3-384",
          "content" : "83849a39c03cfedefbc8261d8a8b3db7ee5f92038b4d284deeb296d42c3b6c3928a5d60b323dda079cbe03ccd195b768"
        },
        {
          "alg" : "SHA3-256",
          "content" : "1a0d2c3c903eb653f4d4e34e4daea3aff32113f0a92cc8af7ca467fa37022f9c"
        },
        {
          "alg" : "SHA3-512",
          "content" : "d0fc4ed61dcb4e1934c8136bbc9aab7b9225bdcf1f18d1bcb4a72728cd9348754ec5f00f022371c8b67eb62c1e6be86ec5b85559f72982a3c3cbb8f22337d0b7"
        }
      ],
      "licenses" : [
        {
          "license" : {
            "id" : "MIT",
            "url" : "https://opensource.org/licenses/MIT"
          }
        }
      ],
      "purl" : "pkg:maven/com.microsoft.sqlserver/mssql-jdbc@9.4.0.jre11?type=jar",
      "modified" : false,
      "externalReferences" : [
        {
          "type" : "vcs",
          "url" : "https://github.com/Microsoft/mssql-jdbc"
        }
      ],
      "type" : "library",
      "bom-ref" : "pkg:maven/com.microsoft.sqlserver/mssql-jdbc@9.4.0.jre11?type=jar"
    },
    {
      "publisher" : "JUnit",
      "group" : "junit",
      "name" : "junit",
      "version" : "4.10",
      "description" : "JUnit is a regression testing framework written by Erich Gamma and Kent Beck. It is used by the developer who implements unit tests in Java.",
      "hashes" : [
        {
          "alg" : "MD5",
          "content" : "68380001b88006ebe49be50cef5bb23a"
        },
        {
          "alg" : "SHA-1",
          "content" : "e4f1766ce7404a08f45d859fb9c226fc9e41a861"
        },
        {
          "alg" : "SHA-256",
          "content" : "36a747ca1e0b86f6ea88055b8723bb87030d627766da6288bf077afdeeb0f75a"
        },
        {
          "alg" : "SHA-512",
          "content" : "2c8b595c24a5ad2499a5bd5bb01204453cd09f51308fea5834922e042b8f39bd8ef0099848eb3a8576ddc4ce4ec907181ba0c20f1222a25b3064d1c3c5499cbd"
        },
        {
          "alg" : "SHA-384",
          "content" : "7bcbef235aec4257910398c646b2a0467aeaa952a70d1c8184b1a2fdd8d471fd02c8acb6ae26b5c6d47bfb72f9de5551"
        },
        {
          "alg" : "SHA3-384",
          "content" : "22243110e6d6ab29d6b76ea8acf31e9488cf16ae687cb90448044b78b7499cc7c904e5fdcbc5f250c319e73e26c8a60e"
        },
        {
          "alg" : "SHA3-256",
          "content" : "8b86f86d0c6905500c5eb85d8eeec4e3214e9bbc540a90737a693f6c977b7028"
        },
        {
          "alg" : "SHA3-512",
          "content" : "df5e2b5784a6799bba31688041ccfdcdfefa6dfed6e7f5127aa0c6f5d4584d1e31d0e19147eedc0238622a14a3ed4b3466e7ed2ccce907dabade0ef8574afa33"
        }
      ],
      "licenses" : [
        {
          "license" : {
            "name" : "Common Public License Version 1.0",
            "url" : "http://www.opensource.org/licenses/cpl1.0.txt"
          }
        }
      ],
      "purl" : "pkg:maven/junit/junit@4.10?type=jar",
      "modified" : false,
      "externalReferences" : [
        {
          "type" : "website",
          "url" : "http://www.junit.org"
        },
        {
          "type" : "mailing-list",
          "url" : "http://tech.groups.yahoo.com/group/junit/"
        },
        {
          "type" : "vcs",
          "url" : "http://github.com/KentBeck/junit/tree/master"
        }
      ],
      "type" : "library",
      "bom-ref" : "pkg:maven/junit/junit@4.10?type=jar"
    },
    {
      "group" : "com.oracle.database.jdbc",
      "name" : "ucp",
      "version" : "21.5.0.0",
      "description" : "Oracle Universal Connection Pool (UCP)",
      "hashes" : [
        {
          "alg" : "MD5",
          "content" : "13e4691d3532c127c81bedee71838162"
        },
        {
          "alg" : "SHA-1",
          "content" : "b9910cb21986a1a2635a3c082f05dc1ba47b2fa3"
        },
        {
          "alg" : "SHA-256",
          "content" : "d8e28ea7b0ad7f23533eeb0570c44bd61c26352b5860fe9cb6f473952d058765"
        },
        {
          "alg" : "SHA-512",
          "content" : "4ad0ff02c777c6c37e3a0670a566b747790aaa289ad6a74c0e311dad61578809a754b49d586e1e79770fec2313a39a50f734a53cb46560746626757cda4bc451"
        },
        {
          "alg" : "SHA-384",
          "content" : "b5c510d4342dfa15412812ce5eda8c8b9e023b7008a3d2850718b519de830b61dff21e1265744c870df03a18fc8c028c"
        },
        {
          "alg" : "SHA3-384",
          "content" : "a5513ccee4ff1605b0d292a5988028d4ae6e841292f2afe7947a5bffb5ecd51ff986d7264efc339dcb7fad350734fc88"
        },
        {
          "alg" : "SHA3-256",
          "content" : "097399447bf4557aa7a81aad08e9375f470cbe051dea83b251a9b377d2d28333"
        },
        {
          "alg" : "SHA3-512",
          "content" : "940b048d396752411575ec07b236df685ad06ce206f6ac07beed554107f1d1ea099252a74105af0c01b538d1349c6f1299d06ba2dc31e7271e4b1a90e1fe4d79"
        }
      ],
      "licenses" : [
        {
          "license" : {
            "name" : "Oracle Free Use Terms and Conditions (FUTC)",
            "url" : "https://www.oracle.com/downloads/licenses/oracle-free-license.html"
          }
        }
      ],
      "purl" : "pkg:maven/com.oracle.database.jdbc/ucp@21.5.0.0?type=jar",
      "modified" : false,
      "externalReferences" : [
        {
          "type" : "vcs",
          "url" : ""
        }
      ],
      "type" : "library",
      "bom-ref" : "pkg:maven/com.oracle.database.jdbc/ucp@21.5.0.0?type=jar"
    },
    {
      "publisher" : "The HSQL Development Group",
      "group" : "org.hsqldb",
      "name" : "hsqldb",
      "version" : "2.7.1",
      "description" : "HSQLDB - Lightweight 100% Java SQL Database Engine",
      "hashes" : [
        {
          "alg" : "MD5",
          "content" : "cc960ec33d04364a280ea9eba088300e"
        },
        {
          "alg" : "SHA-1",
          "content" : "9ffb617125371538a32eb9ba1cb2fa743b2c993b"
        },
        {
          "alg" : "SHA-256",
          "content" : "bca5532a4c58babf9fcebf20d03f086f5ba24b076c3aaf8838a16512235e53ca"
        },
        {
          "alg" : "SHA-512",
          "content" : "954a782415db4733e74dcfba8c88a8308fb0dbdd94edd267b06f398e5f5726986a337a63c12a2259655daf09a2ad2f683bac0e156d263e1cda3db319133f10b0"
        },
        {
          "alg" : "SHA-384",
          "content" : "5b37d852e29fe8749360b5f28aba4cf3aff5ed5a6f68f14da92335bd03cd4b67684e650d1ebee33f4ebe41d56576d732"
        },
        {
          "alg" : "SHA3-384",
          "content" : "e9dbf30c51967c7df9d637e96be84533453659d9d411f8ccb8634f6a54f43ef4cf542c081f30833e7b37db4f525a8928"
        },
        {
          "alg" : "SHA3-256",
          "content" : "e04440e386ef91759df4f8f429c685931645fc3d436bc7681ca4e622ae716402"
        },
        {
          "alg" : "SHA3-512",
          "content" : "48804719dd91f96e575024fd6a11800affb0774b6c123516f644099445c6a87a126da3a87bd2e09eca225088dec95885f267ccefb73d4efc1d186b62a348819b"
        }
      ],
      "licenses" : [
        {
          "license" : {
            "name" : "HSQLDB License, a BSD open source license",
            "url" : "http://hsqldb.org/web/hsqlLicense.html"
          }
        }
      ],
      "purl" : "pkg:maven/org.hsqldb/hsqldb@2.7.1?type=jar",
      "modified" : false,
      "externalReferences" : [
        {
          "type" : "website",
          "url" : "http://hsqldb.org"
        },
        {
          "type" : "vcs",
          "url" : "http://sourceforge.net/p/hsqldb/svn/HEAD/tree/base/tags/2.7.1"
        }
      ],
      "type" : "library",
      "bom-ref" : "pkg:maven/org.hsqldb/hsqldb@2.7.1?type=jar"
    }
  ],
  "dependencies" : [
    {
      "ref" : "pkg:maven/com.oracle.database.security/oraclepki@21.5.0.0?type=jar",
      "dependsOn" : [ ]
    },
    {
      "ref" : "pkg:maven/com.mendix/temp@1.0.0?type=jar",
      "dependsOn" : [
        "pkg:maven/org.slf4j/slf4j-api@2.0.7?type=jar",
        "pkg:maven/com.googlecode.json-simple/json-simple@1.1.1?type=jar",
        "pkg:maven/com.zaxxer/HikariCP@5.0.1?type=jar",
        "pkg:maven/org.mariadb.jdbc/mariadb-java-client@2.7.5?type=jar",
        "pkg:maven/com.microsoft.sqlserver/mssql-jdbc@9.4.0.jre11?type=jar",
        "pkg:maven/com.oracle.database.jdbc/ojdbc8@21.5.0.0?type=jar",
        "pkg:maven/org.postgresql/postgresql@42.4.4?type=jar",
        "pkg:maven/com.oracle.database.ha/ons@21.5.0.0?type=jar",
        "pkg:maven/com.oracle.database.ha/simplefan@21.5.0.0?type=jar",
        "pkg:maven/com.oracle.database.jdbc/ucp@21.5.0.0?type=jar",
        "pkg:maven/com.oracle.database.security/oraclepki@21.5.0.0?type=jar",
        "pkg:maven/com.oracle.database.security/osdt_cert@21.5.0.0?type=jar",
        "pkg:maven/com.oracle.database.security/osdt_core@21.5.0.0?type=jar",
        "pkg:maven/org.hsqldb/hsqldb@2.7.1?type=jar",
        "pkg:maven/net.snowflake/snowflake-jdbc@3.14.0?type=jar"
      ]
    },
    {
      "ref" : "pkg:maven/com.microsoft.sqlserver/mssql-jdbc@9.4.0.jre11?type=jar",
      "dependsOn" : [ ]
    },
    {
      "ref" : "pkg:maven/org.slf4j/slf4j-api@2.0.7?type=jar",
      "dependsOn" : [ ]
    },
    {
      "ref" : "pkg:maven/com.oracle.database.jdbc/ojdbc8@21.5.0.0?type=jar",
      "dependsOn" : [ ]
    },
    {
      "ref" : "pkg:maven/org.hsqldb/hsqldb@2.7.1?type=jar",
      "dependsOn" : [ ]
    },
    {
      "ref" : "pkg:maven/org.mariadb.jdbc/mariadb-java-client@2.7.5?type=jar",
      "dependsOn" : [ ]
    },
    {
      "ref" : "pkg:maven/org.checkerframework/checker-qual@3.5.0?type=jar",
      "dependsOn" : [ ]
    },
    {
      "ref" : "pkg:maven/com.oracle.database.jdbc/ucp@21.5.0.0?type=jar",
      "dependsOn" : [ ]
    },
    {
      "ref" : "pkg:maven/net.snowflake/snowflake-jdbc@3.14.0?type=jar",
      "dependsOn" : [ ]
    },
    {
      "ref" : "pkg:maven/com.googlecode.json-simple/json-simple@1.1.1?type=jar",
      "dependsOn" : [
        "pkg:maven/junit/junit@4.10?type=jar"
      ]
    },
    {
      "ref" : "pkg:maven/org.postgresql/postgresql@42.4.4?type=jar",
      "dependsOn" : [
        "pkg:maven/org.checkerframework/checker-qual@3.5.0?type=jar"
      ]
    },
    {
      "ref" : "pkg:maven/com.oracle.database.ha/ons@21.5.0.0?type=jar",
      "dependsOn" : [ ]
    },
    {
      "ref" : "pkg:maven/com.oracle.database.security/osdt_cert@21.5.0.0?type=jar",
      "dependsOn" : [ ]
    },
    {
      "ref" : "pkg:maven/com.oracle.database.security/osdt_core@21.5.0.0?type=jar",
      "dependsOn" : [ ]
    },
    {
      "ref" : "pkg:maven/com.zaxxer/HikariCP@5.0.1?type=jar",
      "dependsOn" : [
        "pkg:maven/org.slf4j/slf4j-api@2.0.7?type=jar"
      ]
    },
    {
      "ref" : "pkg:maven/com.oracle.database.ha/simplefan@21.5.0.0?type=jar",
      "dependsOn" : [ ]
    },
    {
      "ref" : "pkg:maven/junit/junit@4.10?type=jar",
      "dependsOn" : [
        "pkg:maven/org.hamcrest/hamcrest-core@1.1?type=jar"
      ]
    },
    {
      "ref" : "pkg:maven/org.hamcrest/hamcrest-core@1.1?type=jar",
      "dependsOn" : [ ]
    }
  ]
}