﻿<?xml version='1.0' encoding='utf-8'?><m:page id='386e5626-05d9-40dc-aecf-dd2d78046742' xmlns='http://www.w3.org/1999/xhtml' title='Employee Overview' class='layout-atlas layout-atlas-responsive-default' xmlns:m='http://schemas.mendix.com/forms/1.0'><m:parameters>[]</m:parameters><m:layouts><m:layout path='Atlas_Core/Atlas_Default.layout.xml'></m:layout></m:layouts><m:arguments><m:argument parameterName='fc4ceaa6-4bfe-4e11-b573-52bbfb07121b'><div data-mendix-id='7.Home.Employee_Overview_2.layoutGrid1' data-mendix-type='mxui.widget.ReactWidgetWrapper' data-mendix-props='"widgetTree":[{"$widgetId":"7.Home.Employee_Overview_2.layoutGrid1","widget":"Div","props":{"class":"mx-name-layoutGrid1 mx-layoutgrid mx-layoutgrid-fluid container-fluid","content":[{"$widgetId":"7.Home.Employee_Overview_2.layoutGrid1$row0","widget":"Div","props":{"class":"row","content":[{"$widgetId":"7.Home.Employee_Overview_2.layoutGrid1$row0$column0","widget":"Div","props":{"class":"col-lg-2 col-md col","content":[{"$widgetId":"7.Home.Employee_Overview_2.snippetCall1","widget":"Fragment","props":{"content":[{"$widgetId":"7.Home.Entity_Menu.text1","widget":"Text","props":{"class":"mx-name-text1","caption":{"$type":"ExpressionProperty","expression":{"expr":{"type":"literal","value":"Entities"},"args":{}}},"renderMode":"h2"}},{"$widgetId":"7.Home.Entity_Menu.navigationList1","widget":"NavigationList","props":{"class":"mx-name-navigationList1","activeItem":{"$type":"WidgetVariableProperty","slot":"activeItem","type":"String"},"items":[{"class":"","visible":{"$type":"ExpressionProperty","expression":{"expr":{"type":"function","name":"_hasSomeRole","parameters":[{"type":"literal","value":"Administrator"},{"type":"literal","value":"User"}]},"args":{}}},"action":{"$type":"ActionProperty","action":{"type":"openPage","argMap":{},"config":{"name":"Home/Employee_Overview_2.page.xml","location":"content","allowedRoles":["Administrator","User"]},"disabledDuringExecution":true},"skipClientValidation":true},"content":[{"$widgetId":"7.Home.Entity_Menu.text2","widget":"Text","props":{"class":"mx-name-text2","caption":{"$type":"ExpressionProperty","expression":{"expr":{"type":"literal","value":"Employee"},"args":{}}},"renderMode":"span"}}]},{"class":"","visible":{"$type":"ExpressionProperty","expression":{"expr":{"type":"function","name":"_hasSomeRole","parameters":[{"type":"literal","value":"Administrator"},{"type":"literal","value":"User"}]},"args":{}}},"action":{"$type":"ActionProperty","action":{"type":"openPage","argMap":{},"config":{"name":"Home/profile_image_Overview_2.page.xml","location":"content","allowedRoles":["Administrator","User"]},"disabledDuringExecution":true},"skipClientValidation":true},"content":[{"$widgetId":"7.Home.Entity_Menu.text3","widget":"Text","props":{"class":"mx-name-text3","caption":{"$type":"ExpressionProperty","expression":{"expr":{"type":"literal","value":"Profile Image"},"args":{}}},"renderMode":"span"}}]},{"class":"","visible":{"$type":"ExpressionProperty","expression":{"expr":{"type":"function","name":"_hasSomeRole","parameters":[{"type":"literal","value":"Administrator"},{"type":"literal","value":"User"}]},"args":{}}},"action":{"$type":"ActionProperty","action":{"type":"openPage","argMap":{},"config":{"name":"Home/Project_Overview_2.page.xml","location":"content","allowedRoles":["Administrator","User"]},"disabledDuringExecution":true},"skipClientValidation":true},"content":[{"$widgetId":"7.Home.Entity_Menu.text4","widget":"Text","props":{"class":"mx-name-text4","caption":{"$type":"ExpressionProperty","expression":{"expr":{"type":"literal","value":"Project"},"args":{}}},"renderMode":"span"}}]},{"class":"","visible":{"$type":"ExpressionProperty","expression":{"expr":{"type":"function","name":"_hasSomeRole","parameters":[{"type":"literal","value":"Administrator"},{"type":"literal","value":"User"}]},"args":{}}},"action":{"$type":"ActionProperty","action":{"type":"openPage","argMap":{},"config":{"name":"Home/project_members_Overview.page.xml","location":"content","allowedRoles":["Administrator","User"]},"disabledDuringExecution":true},"skipClientValidation":true},"content":[{"$widgetId":"7.Home.Entity_Menu.text5","widget":"Text","props":{"class":"mx-name-text5","caption":{"$type":"ExpressionProperty","expression":{"expr":{"type":"literal","value":"Project Members"},"args":{}}},"renderMode":"span"}}]}]}}]}}]}},{"$widgetId":"7.Home.Employee_Overview_2.layoutGrid1$row0$column1","widget":"Div","props":{"class":"col-lg-10 col-md col","content":[{"$widgetId":"7.Home.Employee_Overview_2.text1","widget":"Text","props":{"class":"mx-name-text1","caption":{"$type":"ExpressionProperty","expression":{"expr":{"type":"literal","value":"Employee"},"args":{}}},"renderMode":"h2"}},{"$widgetId":"7.Home.Employee_Overview_2.dataGrid2_1","widget":"com.mendix.widget.web.datagrid.Datagrid","props":{"advanced":false,"datasource":{"$type":"DatabaseObjectListProperty","dataSourceId":"7.0","entity":"Home.Employee","operationId":"m1AN/NlqaE6cEtPZnfUX4g","sort":[]},"refreshInterval":0,"itemSelection":{"$type":"SelectionProperty","selectionType":"Single","dataSourceId":"7.0"},"itemSelectionMethod":"rowClick","itemSelectionMode":"clear","showSelectAllToggle":true,"columns":[{"showContentAs":"attribute","attribute":{"$type":"ListAttributeProperty","path":"","entity":"Home.Employee","attribute":"Name","attributeType":"String","sortable":true,"filterable":true,"dataSourceId":"7.0"},"content":null,"dynamicText":null,"header":{"$type":"ExpressionProperty","expression":{"expr":{"type":"literal","value":"Name"},"args":{}}},"tooltip":null,"filter":[{"$widgetId":"7.Home.Employee_Overview_2.textFilter2","widget":"com.mendix.widget.web.datagridtextfilter.DatagridTextFilter","props":{"advanced":false,"defaultFilter":"contains","placeholder":{"$type":"ExpressionProperty","expression":{"expr":{"type":"literal","value":""},"args":{}}},"adjustable":true,"delay":500,"onChange":null,"screenReaderButtonCaption":{"$type":"ExpressionProperty","expression":{"expr":{"type":"literal","value":""},"args":{}}},"screenReaderInputCaption":{"$type":"ExpressionProperty","expression":{"expr":{"type":"literal","value":""},"args":{}}},"class":"mx-name-textFilter2"}}],"visible":{"$type":"ExpressionProperty","expression":{"expr":{"type":"literal","value":true},"args":{}}},"sortable":true,"resizable":true,"draggable":true,"hidable":"yes","allowEventPropagation":true,"width":"autoFill","minWidth":"auto","minWidthLimit":100,"size":1,"alignment":"left","wrapText":false},{"showContentAs":"attribute","attribute":{"$type":"ListAttributeProperty","path":"","entity":"Home.Employee","attribute":"Age","attributeType":"Integer","sortable":true,"filterable":true,"dataSourceId":"7.0"},"content":null,"dynamicText":null,"header":{"$type":"ExpressionProperty","expression":{"expr":{"type":"literal","value":"Age"},"args":{}}},"tooltip":null,"filter":[{"$widgetId":"7.Home.Employee_Overview_2.numberFilter1","widget":"com.mendix.widget.web.datagridnumberfilter.DatagridNumberFilter","props":{"advanced":false,"defaultFilter":"equal","placeholder":{"$type":"ExpressionProperty","expression":{"expr":{"type":"literal","value":""},"args":{}}},"adjustable":true,"delay":500,"onChange":null,"screenReaderButtonCaption":{"$type":"ExpressionProperty","expression":{"expr":{"type":"literal","value":""},"args":{}}},"screenReaderInputCaption":{"$type":"ExpressionProperty","expression":{"expr":{"type":"literal","value":""},"args":{}}},"class":"mx-name-numberFilter1"}}],"visible":{"$type":"ExpressionProperty","expression":{"expr":{"type":"literal","value":true},"args":{}}},"sortable":true,"resizable":true,"draggable":true,"hidable":"yes","allowEventPropagation":true,"width":"autoFill","minWidth":"auto","minWidthLimit":100,"size":1,"alignment":"right","wrapText":false},{"showContentAs":"attribute","attribute":{"$type":"ListAttributeProperty","path":"","entity":"Home.Employee","attribute":"Email","attributeType":"String","sortable":true,"filterable":true,"dataSourceId":"7.0"},"content":null,"dynamicText":null,"header":{"$type":"ExpressionProperty","expression":{"expr":{"type":"literal","value":"Email"},"args":{}}},"tooltip":null,"filter":[{"$widgetId":"7.Home.Employee_Overview_2.textFilter3","widget":"com.mendix.widget.web.datagridtextfilter.DatagridTextFilter","props":{"advanced":false,"defaultFilter":"contains","placeholder":{"$type":"ExpressionProperty","expression":{"expr":{"type":"literal","value":""},"args":{}}},"adjustable":true,"delay":500,"onChange":null,"screenReaderButtonCaption":{"$type":"ExpressionProperty","expression":{"expr":{"type":"literal","value":""},"args":{}}},"screenReaderInputCaption":{"$type":"ExpressionProperty","expression":{"expr":{"type":"literal","value":""},"args":{}}},"class":"mx-name-textFilter3"}}],"visible":{"$type":"ExpressionProperty","expression":{"expr":{"type":"literal","value":true},"args":{}}},"sortable":true,"resizable":true,"draggable":true,"hidable":"yes","allowEventPropagation":true,"width":"autoFill","minWidth":"auto","minWidthLimit":100,"size":1,"alignment":"left","wrapText":false},{"showContentAs":"attribute","attribute":{"$type":"ListAttributeProperty","path":"","entity":"Home.Employee","attribute":"Designation","attributeType":"String","sortable":true,"filterable":true,"dataSourceId":"7.0"},"content":null,"dynamicText":null,"header":{"$type":"ExpressionProperty","expression":{"expr":{"type":"literal","value":"Designation"},"args":{}}},"tooltip":null,"filter":[{"$widgetId":"7.Home.Employee_Overview_2.textFilter1","widget":"com.mendix.widget.web.datagridtextfilter.DatagridTextFilter","props":{"advanced":false,"defaultFilter":"contains","placeholder":{"$type":"ExpressionProperty","expression":{"expr":{"type":"literal","value":""},"args":{}}},"adjustable":true,"delay":500,"onChange":null,"screenReaderButtonCaption":{"$type":"ExpressionProperty","expression":{"expr":{"type":"literal","value":""},"args":{}}},"screenReaderInputCaption":{"$type":"ExpressionProperty","expression":{"expr":{"type":"literal","value":""},"args":{}}},"class":"mx-name-textFilter1"}}],"visible":{"$type":"ExpressionProperty","expression":{"expr":{"type":"literal","value":true},"args":{}}},"sortable":true,"resizable":true,"draggable":true,"hidable":"yes","allowEventPropagation":true,"width":"autoFill","minWidth":"auto","minWidthLimit":100,"size":1,"alignment":"left","wrapText":false},{"showContentAs":"attribute","attribute":{"$type":"ListAttributeProperty","path":"","entity":"Home.Employee","attribute":"Gender","attributeType":"Enum","sortable":true,"filterable":true,"dataSourceId":"7.0"},"content":null,"dynamicText":null,"header":{"$type":"ExpressionProperty","expression":{"expr":{"type":"literal","value":"Gender"},"args":{}}},"tooltip":null,"filter":[{"$widgetId":"7.Home.Employee_Overview_2.drop_downFilter1","widget":"com.mendix.widget.web.datagriddropdownfilter.DatagridDropdownFilter","props":{"auto":true,"advanced":false,"filterOptions":[],"emptyOptionCaption":{"$type":"ExpressionProperty","expression":{"expr":{"type":"literal","value":""},"args":{}}},"multiSelect":false,"onChange":null,"ariaLabel":{"$type":"ExpressionProperty","expression":{"expr":{"type":"literal","value":""},"args":{}}},"class":"mx-name-drop_downFilter1"}}],"visible":{"$type":"ExpressionProperty","expression":{"expr":{"type":"literal","value":true},"args":{}}},"sortable":true,"resizable":true,"draggable":true,"hidable":"yes","allowEventPropagation":true,"width":"autoFill","minWidth":"auto","minWidthLimit":100,"size":1,"alignment":"left","wrapText":false},{"showContentAs":"customContent","attribute":{"$type":"ListAttributeProperty","path":"","entity":"Home.Employee","attribute":"Name","attributeType":"String","sortable":true,"filterable":true,"dataSourceId":"7.0"},"content":{"dataSourceId":"7.0","$template":[{"$widgetId":"7.Home.Employee_Overview_2.actionButton2$visibility","widget":"ConditionalVisibilityWrapper","props":{"visible":{"$type":"ExpressionProperty","expression":{"expr":{"type":"function","name":"_hasSomeRole","parameters":[{"type":"literal","value":"Administrator"},{"type":"literal","value":"User"}]},"args":{}}},"contents":[{"$widgetId":"7.Home.Employee_Overview_2.actionButton2","widget":"ActionButton","props":{"buttonId":"7.Home.Employee_Overview_2.actionButton2","class":"mx-name-actionButton2 btn-lg","renderType":"link","role":"button","buttonClass":"btn-primary","caption":{"$type":"ExpressionProperty","expression":{"expr":{"type":"literal","value":""},"args":{}}},"tooltip":{"$type":"TextProperty","value":""},"icon":{"$type":"IconProperty","icon":{"type":"icon","iconClass":"mx-icon-lined mx-icon-pencil"}},"action":{"$type":"ActionProperty","action":{"type":"openPage","argMap":{"param$Employee":{"widget":"7.Home.Employee_Overview_2.dataGrid2_1","source":"object"}},"config":{"name":"Home/Employee_NewEdit.page.xml","location":"modal","resizable":true,"allowedRoles":["Administrator","User"]},"disabledDuringExecution":true},"abortOnServerValidation":true}}}]}},{"$widgetId":"7.Home.Employee_Overview_2.actionButton3$visibility","widget":"ConditionalVisibilityWrapper","props":{"visible":{"$type":"ExpressionProperty","expression":{"expr":{"type":"function","name":"_hasSomeRole","parameters":[{"type":"literal","value":"Administrator"},{"type":"literal","value":"User"}]},"args":{}}},"contents":[{"$widgetId":"7.Home.Employee_Overview_2.actionButton3","widget":"ActionButton","props":{"buttonId":"7.Home.Employee_Overview_2.actionButton3","class":"mx-name-actionButton3 btn-lg","renderType":"link","role":"button","buttonClass":"btn-primary","caption":{"$type":"ExpressionProperty","expression":{"expr":{"type":"literal","value":""},"args":{}}},"tooltip":{"$type":"TextProperty","value":""},"icon":{"$type":"IconProperty","icon":{"type":"icon","iconClass":"mx-icon-lined mx-icon-trash-can"}},"action":{"$type":"ActionProperty","action":{"type":"deleteObject","argMap":{"$object":{"widget":"7.Home.Employee_Overview_2.dataGrid2_1","source":"object"}},"config":{"closePage":false,"operationId":"2t5w/c5jJky9pT8ddg40tQ"},"disabledDuringExecution":true},"abortOnServerValidation":true}}}]}}],"editable":false},"dynamicText":null,"header":{"$type":"ExpressionProperty","expression":{"expr":{"type":"literal","value":" "},"args":{}}},"tooltip":null,"filter":null,"visible":{"$type":"ExpressionProperty","expression":{"expr":{"type":"literal","value":true},"args":{}}},"sortable":false,"resizable":true,"draggable":true,"hidable":"no","allowEventPropagation":true,"width":"autoFit","minWidth":"auto","minWidthLimit":100,"size":1,"alignment":"left","wrapText":false}],"columnsFilterable":true,"pageSize":20,"pagination":"buttons","pagingPosition":"top","showPagingButtons":"always","loadMoreButtonCaption":{"$type":"ExpressionProperty","expression":{"expr":{"type":"literal","value":"Load More"},"args":{}}},"showEmptyPlaceholder":"none","emptyPlaceholder":null,"onClickTrigger":"double","onClick":null,"onSelectionChange":null,"columnsSortable":true,"columnsResizable":true,"columnsDraggable":true,"columnsHidable":true,"configurationStorageType":"attribute","filterList":[],"filtersPlaceholder":[{"$widgetId":"7.Home.Employee_Overview_2.actionButton1$visibility","widget":"ConditionalVisibilityWrapper","props":{"visible":{"$type":"ExpressionProperty","expression":{"expr":{"type":"function","name":"_hasSomeRole","parameters":[{"type":"literal","value":"Administrator"},{"type":"literal","value":"User"}]},"args":{}}},"contents":[{"$widgetId":"7.Home.Employee_Overview_2.actionButton1","widget":"ActionButton","props":{"buttonId":"7.Home.Employee_Overview_2.actionButton1","class":"mx-name-actionButton1","renderType":"button","buttonClass":"btn-primary","caption":{"$type":"ExpressionProperty","expression":{"expr":{"type":"literal","value":"New Employee"},"args":{}}},"tooltip":{"$type":"TextProperty","value":""},"icon":{"$type":"IconProperty","icon":{"type":"icon","iconClass":"mx-icon-lined mx-icon-add"}},"action":{"$type":"ActionProperty","action":{"type":"createObject","argMap":{},"config":{"entity":"Home.Employee","operationId":"EhENqvpkBUCBfv/NPpFpfw","pageSettings":{"name":"Home/Employee_NewEdit.page.xml","location":"modal","resizable":true,"allowedRoles":["Administrator","User"]},"allowedRoles":["Administrator","User"],"objectParameter":"param$Employee"},"disabledDuringExecution":true},"abortOnServerValidation":true}}}]}}],"filterSectionTitle":{"$type":"ExpressionProperty","expression":{"expr":{"type":"literal","value":""},"args":{}}},"exportDialogLabel":{"$type":"ExpressionProperty","expression":{"expr":{"type":"literal","value":"Export progress"},"args":{}}},"cancelExportLabel":{"$type":"ExpressionProperty","expression":{"expr":{"type":"literal","value":"Cancel data export"},"args":{}}},"selectRowLabel":{"$type":"ExpressionProperty","expression":{"expr":{"type":"literal","value":"Select row"},"args":{}}},"class":"mx-name-dataGrid2_1"}}]}}]}}]}}],"selections":["7.Home.Employee_Overview_2.dataGrid2_1"]'></div></m:argument></m:arguments></m:page>