﻿<?xml version='1.0' encoding='utf-8'?><m:page id='b663afc3-e02d-4b71-ad38-83ed5790bdf5' xmlns='http://www.w3.org/1999/xhtml' title='Edit Employee' cancelChangesOperationId='VK4bhqGZvEqeriBOYryq7g' xmlns:m='http://schemas.mendix.com/forms/1.0'><m:parameters>["Employee"]</m:parameters><m:layouts><m:layout path='Atlas_Core/PopupLayout.layout.xml'></m:layout></m:layouts><m:arguments><m:argument parameterName='0e9d1768-aaa3-4201-b4b6-32cc770100b2'><div data-mendix-id='6.Home.Employee_NewEdit.layoutGrid1' data-mendix-type='mxui.widget.ReactWidgetWrapper' data-mendix-props='"widgetTree":[{"$widgetId":"6.Home.Employee_NewEdit.layoutGrid1","widget":"Div","props":{"class":"mx-name-layoutGrid1 mx-layoutgrid mx-layoutgrid-fluid container-fluid","content":[{"$widgetId":"6.Home.Employee_NewEdit.layoutGrid1$row0","widget":"Div","props":{"class":"row","content":[{"$widgetId":"6.Home.Employee_NewEdit.layoutGrid1$row0$column0","widget":"Div","props":{"class":"col-lg col-md col","content":[{"$widgetId":"6.Home.Employee_NewEdit.dataView1","widget":"DataView","props":{"class":"mx-name-dataView1 form-horizontal","object":{"$type":"AssociationObjectProperty","dataSourceId":"6.13","scope":"$Employee","editable":true},"emptyMessage":{"$type":"TextProperty","value":""},"body":[{"$widgetId":"6.Home.Employee_NewEdit.textBox1$formGroup","widget":"FormGroup","props":{"class":"mx-name-textBox1 mx-textbox","control":[{"$widgetId":"6.Home.Employee_NewEdit.textBox1","widget":"TextBox","props":{"inputValue":{"$type":"AttributeProperty","scope":"6.Home.Employee_NewEdit.dataView1","path":"","entity":"Home.Employee","attribute":"Name","onChange":{"type":"doNothing","argMap":{},"config":{},"disabledDuringExecution":false},"validation":null,"formatting":{}},"isPassword":false,"placeholder":{"$type":"TextProperty","value":""},"mask":"","readOnlyStyle":"control","maxLength":200,"onEnter":null,"onLeave":null,"onEnterKeyPress":null,"autocomplete":"on","submitWhileEditing":false,"submitDelay":300,"id":{"$type":"DerivedUniqueIdProperty","widgetId":"6.Home.Employee_NewEdit.textBox1"}}}],"caption":{"$type":"ExpressionProperty","expression":{"expr":{"type":"literal","value":"Name"},"args":{}}},"labelFor":{"$type":"DerivedUniqueIdProperty","widgetId":"6.Home.Employee_NewEdit.textBox1"},"width":3,"orientation":"horizontal","hasError":{"$type":"ValidationProperty","inputWidgetId":"6.Home.Employee_NewEdit.textBox1"}}},{"$widgetId":"6.Home.Employee_NewEdit.textBox2$formGroup","widget":"FormGroup","props":{"class":"mx-name-textBox2 mx-textbox","control":[{"$widgetId":"6.Home.Employee_NewEdit.textBox2","widget":"TextBox","props":{"inputValue":{"$type":"AttributeProperty","scope":"6.Home.Employee_NewEdit.dataView1","path":"","entity":"Home.Employee","attribute":"Age","onChange":{"type":"doNothing","argMap":{},"config":{},"disabledDuringExecution":false},"validation":null,"formatting":{"numberFormat":{"groupDigits":false}}},"isPassword":false,"placeholder":{"$type":"TextProperty","value":""},"mask":"","readOnlyStyle":"control","onEnter":null,"onLeave":null,"onEnterKeyPress":null,"autocomplete":"on","submitWhileEditing":false,"submitDelay":300,"id":{"$type":"DerivedUniqueIdProperty","widgetId":"6.Home.Employee_NewEdit.textBox2"}}}],"caption":{"$type":"ExpressionProperty","expression":{"expr":{"type":"literal","value":"Age"},"args":{}}},"labelFor":{"$type":"DerivedUniqueIdProperty","widgetId":"6.Home.Employee_NewEdit.textBox2"},"width":3,"orientation":"horizontal","hasError":{"$type":"ValidationProperty","inputWidgetId":"6.Home.Employee_NewEdit.textBox2"}}},{"$widgetId":"6.Home.Employee_NewEdit.textBox3$formGroup","widget":"FormGroup","props":{"class":"mx-name-textBox3 mx-textbox","control":[{"$widgetId":"6.Home.Employee_NewEdit.textBox3","widget":"TextBox","props":{"inputValue":{"$type":"AttributeProperty","scope":"6.Home.Employee_NewEdit.dataView1","path":"","entity":"Home.Employee","attribute":"Email","onChange":{"type":"doNothing","argMap":{},"config":{},"disabledDuringExecution":false},"validation":null,"formatting":{}},"isPassword":false,"placeholder":{"$type":"TextProperty","value":""},"mask":"","readOnlyStyle":"control","maxLength":200,"onEnter":null,"onLeave":null,"onEnterKeyPress":null,"autocomplete":"on","submitWhileEditing":false,"submitDelay":300,"id":{"$type":"DerivedUniqueIdProperty","widgetId":"6.Home.Employee_NewEdit.textBox3"}}}],"caption":{"$type":"ExpressionProperty","expression":{"expr":{"type":"literal","value":"Email"},"args":{}}},"labelFor":{"$type":"DerivedUniqueIdProperty","widgetId":"6.Home.Employee_NewEdit.textBox3"},"width":3,"orientation":"horizontal","hasError":{"$type":"ValidationProperty","inputWidgetId":"6.Home.Employee_NewEdit.textBox3"}}},{"$widgetId":"6.Home.Employee_NewEdit.textBox4$formGroup","widget":"FormGroup","props":{"class":"mx-name-textBox4 mx-textbox","control":[{"$widgetId":"6.Home.Employee_NewEdit.textBox4","widget":"TextBox","props":{"inputValue":{"$type":"AttributeProperty","scope":"6.Home.Employee_NewEdit.dataView1","path":"","entity":"Home.Employee","attribute":"Designation","onChange":{"type":"doNothing","argMap":{},"config":{},"disabledDuringExecution":false},"validation":null,"formatting":{}},"isPassword":false,"placeholder":{"$type":"TextProperty","value":""},"mask":"","readOnlyStyle":"control","maxLength":200,"onEnter":null,"onLeave":null,"onEnterKeyPress":null,"autocomplete":"on","submitWhileEditing":false,"submitDelay":300,"id":{"$type":"DerivedUniqueIdProperty","widgetId":"6.Home.Employee_NewEdit.textBox4"}}}],"caption":{"$type":"ExpressionProperty","expression":{"expr":{"type":"literal","value":"Designation"},"args":{}}},"labelFor":{"$type":"DerivedUniqueIdProperty","widgetId":"6.Home.Employee_NewEdit.textBox4"},"width":3,"orientation":"horizontal","hasError":{"$type":"ValidationProperty","inputWidgetId":"6.Home.Employee_NewEdit.textBox4"}}},{"$widgetId":"6.Home.Employee_NewEdit.radioButtons1$formGroup","widget":"FormGroup","props":{"class":"mx-name-radioButtons1 mx-radiobuttons inline","control":[{"$widgetId":"6.Home.Employee_NewEdit.radioButtons1","widget":"RadioButtonGroup","props":{"value":{"$type":"AttributeProperty","scope":"6.Home.Employee_NewEdit.dataView1","path":"","entity":"Home.Employee","attribute":"Gender","onChange":{"type":"doNothing","argMap":{},"config":{},"disabledDuringExecution":false},"validation":null},"readOnlyStyle":"control","onEnter":null,"onLeave":null,"id":{"$type":"DerivedUniqueIdProperty","widgetId":"6.Home.Employee_NewEdit.radioButtons1"}}}],"caption":{"$type":"ExpressionProperty","expression":{"expr":{"type":"literal","value":"Gender"},"args":{}}},"labelFor":{"$type":"DerivedUniqueIdProperty","widgetId":"6.Home.Employee_NewEdit.radioButtons1"},"width":3,"orientation":"horizontal","hasError":{"$type":"ValidationProperty","inputWidgetId":"6.Home.Employee_NewEdit.radioButtons1"}}}],"hideFooter":false,"footer":[{"$widgetId":"6.Home.Employee_NewEdit.actionButton1","widget":"ActionButton","props":{"buttonId":"6.Home.Employee_NewEdit.actionButton1","class":"mx-name-actionButton1","renderType":"button","buttonClass":"btn-success","caption":{"$type":"ExpressionProperty","expression":{"expr":{"type":"literal","value":"Save"},"args":{}}},"tooltip":{"$type":"TextProperty","value":""},"action":{"$type":"ActionProperty","action":{"type":"saveChanges","argMap":{"$object":{"widget":"6.Home.Employee_NewEdit.dataView1","source":"object"}},"config":{"operationId":"lznssmeIqEC12FXFL229+Q","closePage":true},"disabledDuringExecution":true},"abortOnServerValidation":true}}},{"$widgetId":"6.Home.Employee_NewEdit.actionButton2","widget":"ActionButton","props":{"buttonId":"6.Home.Employee_NewEdit.actionButton2","class":"mx-name-actionButton2","renderType":"button","buttonClass":"btn-default","caption":{"$type":"ExpressionProperty","expression":{"expr":{"type":"literal","value":"Cancel"},"args":{}}},"tooltip":{"$type":"TextProperty","value":""},"action":{"$type":"ActionProperty","action":{"type":"cancelChanges","argMap":{},"config":{"operationId":"pMMjcWfDnky1hHLtRbPa/A","closePage":true},"disabledDuringExecution":true},"abortOnServerValidation":true}}}]}}]}}]}}]}}],"selections":[]'></div></m:argument></m:arguments></m:page>