﻿<?xml version='1.0' encoding='utf-8'?><m:page id='7b22940f-b2dd-43e1-9a0b-25011a7e1b33' xmlns='http://www.w3.org/1999/xhtml' title='Homepage' class='layout-atlas layout-atlas-responsive-default' xmlns:m='http://schemas.mendix.com/forms/1.0'><m:parameters>[]</m:parameters><m:layouts><m:layout path='Atlas_Core/Atlas_Default.layout.xml'></m:layout></m:layouts><m:arguments><m:argument parameterName='fc4ceaa6-4bfe-4e11-b573-52bbfb07121b'><div data-mendix-id='10.Home.Home_Web.container1' data-mendix-type='mxui.widget.ReactWidgetWrapper' data-mendix-props='"widgetTree":[{"$widgetId":"10.Home.Home_Web.container1","widget":"Container","props":{"class":"mx-name-container1 pageheader","renderMode":"div","onClick":null,"content":[{"$widgetId":"10.Home.Home_Web.layoutGrid2","widget":"Div","props":{"class":"mx-name-layoutGrid2 mx-layoutgrid mx-layoutgrid-fluid container-fluid","content":[{"$widgetId":"10.Home.Home_Web.layoutGrid2$row0","widget":"Div","props":{"class":"row","content":[{"$widgetId":"10.Home.Home_Web.layoutGrid2$row0$column0","widget":"Div","props":{"class":"col-lg col-md col","content":[{"$widgetId":"10.Home.Home_Web.text1","widget":"Text","props":{"class":"mx-name-text1 pageheader-title spacing-outer-bottom","caption":{"$type":"ExpressionProperty","expression":{"expr":{"type":"literal","value":"Home"},"args":{}}},"renderMode":"h3"}},{"$widgetId":"10.Home.Home_Web.text2","widget":"Text","props":{"class":"mx-name-text2","caption":{"$type":"ExpressionProperty","expression":{"expr":{"type":"literal","value":"Welcome to Atrina Technology"},"args":{}}},"renderMode":"p"}}]}}]}}]}},{"$widgetId":"10.Home.Home_Web.tabContainer1","widget":"TabContainer","props":{"class":"mx-name-tabContainer1","widgetId":"10.Home.Home_Web.tabContainer1","defaultTab":0,"tabs":[{"name":"employee","caption":{"$type":"TextProperty","value":"Employee"},"isDelayed":false,"refreshOnShow":false,"content":[{"$widgetId":"10.Home.Home_Web.actionButton5$visibility","widget":"ConditionalVisibilityWrapper","props":{"visible":{"$type":"ExpressionProperty","expression":{"expr":{"type":"function","name":"_hasSomeRole","parameters":[{"type":"literal","value":"Administrator"},{"type":"literal","value":"User"}]},"args":{}}},"contents":[{"$widgetId":"10.Home.Home_Web.actionButton5","widget":"ActionButton","props":{"buttonId":"10.Home.Home_Web.actionButton5","class":"mx-name-actionButton5 spacing-outer-right-none spacing-outer-left-medium spacing-inner-left-medium","renderType":"button","buttonClass":"btn-default","caption":{"$type":"ExpressionProperty","expression":{"expr":{"type":"literal","value":"Employee"},"args":{}}},"tooltip":{"$type":"TextProperty","value":""},"action":{"$type":"ActionProperty","action":{"type":"openPage","argMap":{},"config":{"name":"Home/Employee_Overview_2.page.xml","location":"content","allowedRoles":["Administrator","User"]},"disabledDuringExecution":true},"abortOnServerValidation":true}}}]}},{"$widgetId":"10.Home.Home_Web.actionButton4$visibility","widget":"ConditionalVisibilityWrapper","props":{"visible":{"$type":"ExpressionProperty","expression":{"expr":{"type":"function","name":"_hasSomeRole","parameters":[{"type":"literal","value":"Administrator"},{"type":"literal","value":"User"}]},"args":{}}},"contents":[{"$widgetId":"10.Home.Home_Web.actionButton4","widget":"ActionButton","props":{"buttonId":"10.Home.Home_Web.actionButton4","class":"mx-name-actionButton4 spacing-outer-left-medium","renderType":"button","buttonClass":"btn-default","caption":{"$type":"ExpressionProperty","expression":{"expr":{"type":"literal","value":"Employee Card"},"args":{}}},"tooltip":{"$type":"TextProperty","value":""},"action":{"$type":"ActionProperty","action":{"type":"openPage","argMap":{},"config":{"name":"Home/Page.page.xml","location":"content","allowedRoles":["Administrator","User"]},"disabledDuringExecution":true},"abortOnServerValidation":true}}}]}},{"$widgetId":"10.Home.Home_Web.actionButton6$visibility","widget":"ConditionalVisibilityWrapper","props":{"visible":{"$type":"ExpressionProperty","expression":{"expr":{"type":"function","name":"_hasSomeRole","parameters":[{"type":"literal","value":"Administrator"},{"type":"literal","value":"User"}]},"args":{}}},"contents":[{"$widgetId":"10.Home.Home_Web.actionButton6","widget":"ActionButton","props":{"buttonId":"10.Home.Home_Web.actionButton6","class":"mx-name-actionButton6 spacing-outer-left-medium","renderType":"button","buttonClass":"btn-default","caption":{"$type":"ExpressionProperty","expression":{"expr":{"type":"literal","value":"Projects"},"args":{}}},"tooltip":{"$type":"TextProperty","value":""},"action":{"$type":"ActionProperty","action":{"type":"openPage","argMap":{},"config":{"name":"Home/Projects.page.xml","location":"content","allowedRoles":["Administrator","User"]},"disabledDuringExecution":true},"abortOnServerValidation":true}}}]}}]},{"name":"project","caption":{"$type":"TextProperty","value":"Project"},"isDelayed":true,"refreshOnShow":false,"content":[{"$widgetId":"10.Home.Home_Web.actionButton2$visibility","widget":"ConditionalVisibilityWrapper","props":{"visible":{"$type":"ExpressionProperty","expression":{"expr":{"type":"function","name":"_hasSomeRole","parameters":[{"type":"literal","value":"Administrator"},{"type":"literal","value":"User"}]},"args":{}}},"contents":[{"$widgetId":"10.Home.Home_Web.actionButton2","widget":"ActionButton","props":{"buttonId":"10.Home.Home_Web.actionButton2","class":"mx-name-actionButton2 spacing-outer-left-medium","renderType":"button","buttonClass":"btn-default","caption":{"$type":"ExpressionProperty","expression":{"expr":{"type":"literal","value":"Project"},"args":{}}},"tooltip":{"$type":"TextProperty","value":""},"action":{"$type":"ActionProperty","action":{"type":"openPage","argMap":{},"config":{"name":"Home/Project_Overview_2.page.xml","location":"content","allowedRoles":["Administrator","User"]},"disabledDuringExecution":true},"abortOnServerValidation":true}}}]}}]},{"name":"project_members","caption":{"$type":"TextProperty","value":"Project Members"},"isDelayed":true,"refreshOnShow":false,"content":[{"$widgetId":"10.Home.Home_Web.actionButton1$visibility","widget":"ConditionalVisibilityWrapper","props":{"visible":{"$type":"ExpressionProperty","expression":{"expr":{"type":"function","name":"_hasSomeRole","parameters":[{"type":"literal","value":"Administrator"},{"type":"literal","value":"User"}]},"args":{}}},"contents":[{"$widgetId":"10.Home.Home_Web.actionButton1","widget":"ActionButton","props":{"buttonId":"10.Home.Home_Web.actionButton1","class":"mx-name-actionButton1 spacing-outer-left-medium","renderType":"button","buttonClass":"btn-default","caption":{"$type":"ExpressionProperty","expression":{"expr":{"type":"literal","value":"Project Members"},"args":{}}},"tooltip":{"$type":"TextProperty","value":""},"action":{"$type":"ActionProperty","action":{"type":"openPage","argMap":{},"config":{"name":"Home/project_members_Overview.page.xml","location":"content","allowedRoles":["Administrator","User"]},"disabledDuringExecution":true},"abortOnServerValidation":true}}}]}}]},{"name":"profile_image","caption":{"$type":"TextProperty","value":"Profile Image"},"isDelayed":true,"refreshOnShow":false,"content":[{"$widgetId":"10.Home.Home_Web.actionButton3$visibility","widget":"ConditionalVisibilityWrapper","props":{"visible":{"$type":"ExpressionProperty","expression":{"expr":{"type":"function","name":"_hasSomeRole","parameters":[{"type":"literal","value":"Administrator"},{"type":"literal","value":"User"}]},"args":{}}},"contents":[{"$widgetId":"10.Home.Home_Web.actionButton3","widget":"ActionButton","props":{"buttonId":"10.Home.Home_Web.actionButton3","class":"mx-name-actionButton3 spacing-outer-left-medium","renderType":"button","buttonClass":"btn-default","caption":{"$type":"ExpressionProperty","expression":{"expr":{"type":"literal","value":"Profile Image"},"args":{}}},"tooltip":{"$type":"TextProperty","value":""},"action":{"$type":"ActionProperty","action":{"type":"openPage","argMap":{},"config":{"name":"Home/profile_image_Overview_2.page.xml","location":"content","allowedRoles":["Administrator","User"]},"disabledDuringExecution":true},"abortOnServerValidation":true}}}]}}]}]}}],"ariaHidden":false}}],"selections":[]'></div></m:argument></m:arguments></m:page>