﻿<?xml version='1.0' encoding='utf-8'?><m:page id='2c558ad8-43c9-4fdb-9c6e-00eb59ee2b7a' xmlns='http://www.w3.org/1999/xhtml' title='Employees' class='layout-atlas layout-atlas-responsive-default' xmlns:m='http://schemas.mendix.com/forms/1.0'><m:parameters>[]</m:parameters><m:layouts><m:layout path='Atlas_Core/Atlas_Default.layout.xml'></m:layout></m:layouts><m:arguments><m:argument parameterName='fc4ceaa6-4bfe-4e11-b573-52bbfb07121b'><div data-mendix-id='14.Home.Page.layoutGrid1' data-mendix-type='mxui.widget.ReactWidgetWrapper' data-mendix-props='"widgetTree":[{"$widgetId":"14.Home.Page.layoutGrid1","widget":"Div","props":{"class":"mx-name-layoutGrid1 mx-layoutgrid mx-layoutgrid-fluid container-fluid","content":[{"$widgetId":"14.Home.Page.layoutGrid1$row0","widget":"Div","props":{"class":"row","content":[{"$widgetId":"14.Home.Page.layoutGrid1$row0$column0","widget":"Div","props":{"class":"col-lg-12 col-md-12 col-12","content":[{"$widgetId":"14.Home.Page.employee","widget":"Title","props":{"class":"mx-name-employee","caption":{"$type":"ExpressionProperty","expression":{"expr":{"type":"variable","variable":"pageTitle"},"args":{}}}}}]}}]}}]}}],"selections":[]'></div><div data-mendix-id='14.Home.Page.templateGrid1' data-mendix-type='mxui.widget.TemplateGrid' data-mendix-props='"entity":"Home.Employee","schema":"6df36a91-9744-4b3c-ae99-383d9443a2cd","config":{"locale":"en_US","gridType":"Standalone","gridpresentation":{"rows":3,"columns":3,"controlbar":true,"pagingbar":"YesWithTotalCount","searchbar":true,"waitforsearch":false,"selectionmode":"single","editable":false,"sortable":true,"refresh":0,"selectfirst":false},"datasource":{"type":"database","path":"Home.Employee"},"searchOptions":{"searchBar":true,"toggleable":true,"toggledByDefault":true},"searchElements":[{"searchInputName":"searchField1","defaults":null,"defaultsParser":"Simple","caption":"Name","path":"Name","operator":"contains"},{"searchInputName":"searchField2","defaults":null,"defaultsParser":"Simple","caption":"Age","path":"Age","operator":"="},{"searchInputName":"searchField3","defaults":null,"defaultsParser":"Simple","caption":"Email","path":"Email","operator":"contains"},{"searchInputName":"searchField4","defaults":null,"defaultsParser":"Simple","caption":"Designation","path":"Designation","operator":"contains"},{"searchInputName":"searchField5","defaults":null,"defaultsParser":"Simple","caption":"Gender","path":"Gender","operator":"=","retriever":"Enum"}],"controlBar":{"gridTools":[{"mxid":"14.Home.Page.searchButton1","name":"searchButton1","caption":{"expr":{"type":"literal","value":"Search"},"args":{}},"title":"","cssClass":"btn-default"},{"mxid":"14.Home.Page.newButton1","name":"newButton1","caption":{"expr":{"type":"literal","value":"New"},"args":{}},"title":"","cssClass":"col-lg-6 btn-default","visibleForRoles":["Administrator","User"]},{"mxid":"14.Home.Page.actionButton1","name":"actionButton1","caption":{"expr":{"type":"literal","value":"Edit"},"args":{}},"title":"","cssClass":"btn-default","visibleForRoles":["Administrator","User"]},{"mxid":"14.Home.Page.actionButton2","name":"actionButton2","caption":{"expr":{"type":"literal","value":"Delete"},"args":{}},"title":"","cssClass":"btn-default","visibleForRoles":["Administrator","User"]}],"gridActions":[{"keyValue":"14.Home.Page.searchButton1","gridFunction":"ToggleSearch"},{"keyValue":"14.Home.Page.newButton1","gridFunction":"InvokeAction","params":{"action":{"type":"createObject","argMap":{},"config":{"entity":"Home.Employee","operationId":"4y81RG8IHUmA7XtcqBbE9A","pageSettings":{"name":"Home/Employee_NewEdit.page.xml","location":"modal","resizable":true,"allowedRoles":["Administrator","User"]},"allowedRoles":["Administrator","User"],"objectParameter":"param$Employee"},"disabledDuringExecution":false}}},{"keyValue":"14.Home.Page.actionButton1","gridFunction":"InvokeAction","params":{"action":{"type":"openPage","argMap":{"param$Employee":{"widget":"14.Home.Page.templateGrid1","source":"selection"}},"config":{"name":"Home/Employee_NewEdit.page.xml","location":"modal","resizable":true,"allowedRoles":["Administrator","User"]},"disabledDuringExecution":false},"maintainSelection":true}},{"keyValue":"14.Home.Page.actionButton2","gridFunction":"InvokeAction","params":{"action":{"type":"deleteObject","argMap":{"$object":{"widget":"14.Home.Page.templateGrid1","source":"selection"}},"config":{"closePage":false,"operationId":"xBuqpnf98E6ps5gLuaQ7qQ"},"disabledDuringExecution":false},"maintainSelection":false}}]},"defaultButton":{"clickType":"double","mxid":"14.Home.Page.actionButton1"},"plugins":{}}' class='mx-templategrid mx-name-templateGrid1 spacing-outer-left-large spacing-inner-left-medium' tabindex='0'></div></m:argument></m:arguments><m:templates><m:template widget-id='14.Home.Page.templateGrid1' name='content'><div data-mendix-id='14.Home.Page.templateGrid1.21' data-mendix-type='mxui.widget.DataView' data-mendix-props='"entity":"Home.Employee","readOnly":true,"datasource":{"type":"direct","path":"Home.Employee","operationId":"A4Qw4d3ZJE+953fmC9nrBw"},"conditions":{}' tabindex='0'></div></m:template><m:template widget-id='14.Home.Page.templateGrid1.21' name='content'><div data-mendix-id='14.Home.Page.layoutGrid2' data-mendix-type='mxui.widget.ReactWidgetWrapper' data-mendix-props='"widgetTree":[{"$widgetId":"14.Home.Page.layoutGrid2","widget":"Div","props":{"class":"mx-name-layoutGrid2 mx-layoutgrid mx-layoutgrid-fixed container card spacing-outer-top-medium spacing-outer-right-medium spacing-outer-left-medium spacing-outer-bottom-medium spacing-inner-right-medium spacing-inner-left-medium","content":[{"$widgetId":"14.Home.Page.layoutGrid2$row0","widget":"Div","props":{"class":"row","content":[{"$widgetId":"14.Home.Page.layoutGrid2$row0$column0","widget":"Div","props":{"class":"col-lg col-md col card-body","content":[{"$widgetId":"14.Home.Page.layoutGrid3","widget":"Div","props":{"class":"mx-name-layoutGrid3 mx-layoutgrid mx-layoutgrid-fluid","content":[{"$widgetId":"14.Home.Page.layoutGrid3$row0","widget":"Div","props":{"class":"row","content":[{"$widgetId":"14.Home.Page.layoutGrid3$row0$column0","widget":"Div","props":{"class":"col-lg-auto col-md col","content":[{"$widgetId":"14.Home.Page.image1","widget":"com.mendix.widget.web.image.Image","props":{"datasource":"icon","imageUrl":{"$type":"ExpressionProperty","expression":{"expr":{"type":"literal","value":""},"args":{}}},"imageIcon":{"$type":"IconProperty","icon":{"type":"icon","iconClass":"mx-icon-lined mx-icon-text-font"}},"isBackgroundImage":false,"children":null,"onClickType":"action","onClick":null,"alternativeText":{"$type":"ExpressionProperty","expression":{"expr":{"type":"literal","value":""},"args":{}}},"widthUnit":"auto","width":100,"heightUnit":"auto","height":100,"iconSize":14,"displayAs":"fullImage","responsive":true,"class":"mx-name-image1"}}]}},{"$widgetId":"14.Home.Page.layoutGrid3$row0$column1","widget":"Div","props":{"class":"col-lg-9 col-md col","content":[{"$widgetId":"14.Home.Page.text1","widget":"Text","props":{"class":"mx-name-text1","caption":{"$type":"ExpressionProperty","expression":{"expr":{"type":"function","name":"+","parameters":[{"type":"literal","value":"Name: "},{"type":"variable","variable":"currentObject","path":"Name"}]},"args":{"currentObject":{"widget":"14.Home.Page.templateGrid1","source":"object"}}}},"renderMode":"span"}}]}}]}},{"$widgetId":"14.Home.Page.layoutGrid3$row1","widget":"Div","props":{"class":"row","content":[{"$widgetId":"14.Home.Page.layoutGrid3$row1$column0","widget":"Div","props":{"class":"col-lg-auto col-md col","content":[{"$widgetId":"14.Home.Page.image2","widget":"com.mendix.widget.web.image.Image","props":{"datasource":"icon","imageUrl":{"$type":"ExpressionProperty","expression":{"expr":{"type":"literal","value":""},"args":{}}},"imageIcon":{"$type":"IconProperty","icon":{"type":"icon","iconClass":"mx-icon-lined mx-icon-email"}},"isBackgroundImage":false,"children":null,"onClickType":"action","onClick":null,"alternativeText":{"$type":"ExpressionProperty","expression":{"expr":{"type":"literal","value":""},"args":{}}},"widthUnit":"auto","width":100,"heightUnit":"auto","height":100,"iconSize":14,"displayAs":"fullImage","responsive":true,"class":"mx-name-image2"}}]}},{"$widgetId":"14.Home.Page.layoutGrid3$row1$column1","widget":"Div","props":{"class":"col-lg-9 col-md col","content":[{"$widgetId":"14.Home.Page.text3","widget":"Text","props":{"class":"mx-name-text3","caption":{"$type":"ExpressionProperty","expression":{"expr":{"type":"function","name":"+","parameters":[{"type":"literal","value":"Email: "},{"type":"variable","variable":"currentObject","path":"Email"}]},"args":{"currentObject":{"widget":"14.Home.Page.templateGrid1","source":"object"}}}},"renderMode":"span"}}]}}]}},{"$widgetId":"14.Home.Page.layoutGrid3$row2","widget":"Div","props":{"class":"row","content":[{"$widgetId":"14.Home.Page.layoutGrid3$row2$column0","widget":"Div","props":{"class":"col-lg-auto col-md col","content":[{"$widgetId":"14.Home.Page.image3","widget":"com.mendix.widget.web.image.Image","props":{"datasource":"icon","imageUrl":{"$type":"ExpressionProperty","expression":{"expr":{"type":"literal","value":""},"args":{}}},"imageIcon":{"$type":"IconProperty","icon":{"type":"icon","iconClass":"mx-icon-lined mx-icon-user"}},"isBackgroundImage":false,"children":null,"onClickType":"action","onClick":null,"alternativeText":{"$type":"ExpressionProperty","expression":{"expr":{"type":"literal","value":""},"args":{}}},"widthUnit":"auto","width":100,"heightUnit":"auto","height":100,"iconSize":14,"displayAs":"fullImage","responsive":true,"class":"mx-name-image3"}}]}},{"$widgetId":"14.Home.Page.layoutGrid3$row2$column1","widget":"Div","props":{"class":"col-lg-9 col-md col","content":[{"$widgetId":"14.Home.Page.text2","widget":"Text","props":{"class":"mx-name-text2 text-left d-block pull-left spacing-outer-left-none spacing-inner-left-none","caption":{"$type":"ExpressionProperty","expression":{"expr":{"type":"function","name":"+","parameters":[{"type":"literal","value":"Age: "},{"type":"function","name":"_format","parameters":[{"type":"variable","variable":"currentObject","path":"Age"},{"type":"literal","value":"{}"}]}]},"args":{"currentObject":{"widget":"14.Home.Page.templateGrid1","source":"object"}}}},"renderMode":"span"}}]}}]}},{"$widgetId":"14.Home.Page.layoutGrid3$row3","widget":"Div","props":{"class":"row","content":[{"$widgetId":"14.Home.Page.layoutGrid3$row3$column0","widget":"Div","props":{"class":"col-lg-auto col-md col","content":[{"$widgetId":"14.Home.Page.image4","widget":"com.mendix.widget.web.image.Image","props":{"datasource":"icon","imageUrl":{"$type":"ExpressionProperty","expression":{"expr":{"type":"literal","value":""},"args":{}}},"imageIcon":{"$type":"IconProperty","icon":{"type":"icon","iconClass":"mx-icon-lined mx-icon-user"}},"isBackgroundImage":false,"children":null,"onClickType":"action","onClick":null,"alternativeText":{"$type":"ExpressionProperty","expression":{"expr":{"type":"literal","value":""},"args":{}}},"widthUnit":"auto","width":100,"heightUnit":"auto","height":100,"iconSize":14,"displayAs":"fullImage","responsive":true,"class":"mx-name-image4"}}]}},{"$widgetId":"14.Home.Page.layoutGrid3$row3$column1","widget":"Div","props":{"class":"col-lg-9 col-md col","content":[{"$widgetId":"14.Home.Page.text5","widget":"Text","props":{"class":"mx-name-text5","caption":{"$type":"ExpressionProperty","expression":{"expr":{"type":"function","name":"+","parameters":[{"type":"literal","value":"Gender: "},{"type":"function","name":"getCaption","parameters":[{"type":"variable","variable":"currentObject","path":"Gender"},{"type":"literal","value":"Home.Enum_gender"}]}]},"args":{"currentObject":{"widget":"14.Home.Page.templateGrid1","source":"object"}}}},"renderMode":"span"}}]}}]}},{"$widgetId":"14.Home.Page.layoutGrid3$row4","widget":"Div","props":{"class":"row","content":[{"$widgetId":"14.Home.Page.layoutGrid3$row4$column0","widget":"Div","props":{"class":"col-lg-auto col-md col","content":[{"$widgetId":"14.Home.Page.image5","widget":"com.mendix.widget.web.image.Image","props":{"datasource":"icon","imageUrl":{"$type":"ExpressionProperty","expression":{"expr":{"type":"literal","value":""},"args":{}}},"imageIcon":{"$type":"IconProperty","icon":{"type":"icon","iconClass":"mx-icon-lined mx-icon-briefcase"}},"isBackgroundImage":false,"children":null,"onClickType":"action","onClick":null,"alternativeText":{"$type":"ExpressionProperty","expression":{"expr":{"type":"literal","value":""},"args":{}}},"widthUnit":"auto","width":100,"heightUnit":"auto","height":100,"iconSize":14,"displayAs":"fullImage","responsive":true,"class":"mx-name-image5"}}]}},{"$widgetId":"14.Home.Page.layoutGrid3$row4$column1","widget":"Div","props":{"class":"col-lg-9 col-md col","content":[{"$widgetId":"14.Home.Page.text4","widget":"Text","props":{"class":"mx-name-text4","caption":{"$type":"ExpressionProperty","expression":{"expr":{"type":"function","name":"+","parameters":[{"type":"literal","value":"Designation: "},{"type":"variable","variable":"currentObject","path":"Designation"}]},"args":{"currentObject":{"widget":"14.Home.Page.templateGrid1","source":"object"}}}},"renderMode":"span"}}]}}]}}]}}]}},{"$widgetId":"14.Home.Page.layoutGrid2$row0$column1","widget":"Div","props":{"class":"col-lg-2 col-md col","content":[{"$widgetId":"14.Home.Page.dynamicImage1","widget":"Image","props":{"class":"mx-name-dynamicImage1 pull-right img-circle spacing-outer-top-medium","source":{"$type":"DynamicImageProperty","scope":"14.Home.Page.templateGrid1","showAsThumbnail":true,"shareObject":false,"path":"Home.Employee_profile_image/Home.profile_image"},"responsive":true,"onClick":null,"onClickEnlarge":false,"alternativeText":{"$type":"ExpressionProperty","expression":{"expr":{"type":"literal","value":""},"args":{}}}}}]}}]}}]}}],"selections":[]'></div><div data-mendix-id='14.Home.Page.container1' data-mendix-type='mxui.widget.ReactWidgetWrapper' data-mendix-props='"widgetTree":[{"$widgetId":"14.Home.Page.container1","widget":"Container","props":{"class":"mx-name-container1","renderMode":"div","onClick":null,"content":null,"ariaHidden":false}}],"selections":[]'></div><div data-mendix-id='14.Home.Page.container2' data-mendix-type='mxui.widget.ReactWidgetWrapper' data-mendix-props='"widgetTree":[{"$widgetId":"14.Home.Page.container2","widget":"Container","props":{"class":"mx-name-container2","renderMode":"div","onClick":null,"content":null,"ariaHidden":false}}],"selections":[]'></div><div data-mendix-id='14.Home.Page.container3' data-mendix-type='mxui.widget.ReactWidgetWrapper' data-mendix-props='"widgetTree":[{"$widgetId":"14.Home.Page.container3","widget":"Container","props":{"class":"mx-name-container3","renderMode":"div","onClick":null,"content":null,"ariaHidden":false}}],"selections":[]'></div><div data-mendix-id='14.Home.Page.container4' data-mendix-type='mxui.widget.ReactWidgetWrapper' data-mendix-props='"widgetTree":[{"$widgetId":"14.Home.Page.container4","widget":"Container","props":{"class":"mx-name-container4","renderMode":"div","onClick":null,"content":null,"ariaHidden":false}}],"selections":[]'></div><div data-mendix-id='14.Home.Page.container5' data-mendix-type='mxui.widget.ReactWidgetWrapper' data-mendix-props='"widgetTree":[{"$widgetId":"14.Home.Page.container5","widget":"Container","props":{"class":"mx-name-container5","renderMode":"div","onClick":null,"content":null,"ariaHidden":false}}],"selections":[]'></div></m:template></m:templates></m:page>