﻿<?xml version='1.0' encoding='utf-8'?><m:page id='d5328bff-33a0-4e57-87cf-51a0dd39474c' xmlns='http://www.w3.org/1999/xhtml' title='Edit Profile Image' cancelChangesOperationId='uioEs3SwY0ux3reb/PzB+g' xmlns:m='http://schemas.mendix.com/forms/1.0'><m:parameters>["profile_image"]</m:parameters><m:layouts><m:layout path='Atlas_Core/PopupLayout.layout.xml'></m:layout></m:layouts><m:arguments><m:argument parameterName='0e9d1768-aaa3-4201-b4b6-32cc770100b2'><div data-mendix-id='20.Home.profile_image_NewEdit.layoutGrid1' data-mendix-type='mxui.widget.ReactWidgetWrapper' data-mendix-props='"widgetTree":[{"$widgetId":"20.Home.profile_image_NewEdit.layoutGrid1","widget":"Div","props":{"class":"mx-name-layoutGrid1 mx-layoutgrid mx-layoutgrid-fluid container-fluid","content":[{"$widgetId":"20.Home.profile_image_NewEdit.layoutGrid1$row0","widget":"Div","props":{"class":"row","content":[{"$widgetId":"20.Home.profile_image_NewEdit.layoutGrid1$row0$column0","widget":"Div","props":{"class":"col-lg col-md col","content":[{"$widgetId":"20.Home.profile_image_NewEdit.dataView1","widget":"DataView","props":{"class":"mx-name-dataView1 form-horizontal","object":{"$type":"AssociationObjectProperty","dataSourceId":"20.14","scope":"$profile_image","editable":true},"emptyMessage":{"$type":"TextProperty","value":""},"body":[{"$widgetId":"20.Home.profile_image_NewEdit.image1","widget":"com.mendix.widget.web.image.Image","props":{"datasource":"image","imageObject":{"$type":"DynamicImageProperty","scope":"20.Home.profile_image_NewEdit.dataView1","showAsThumbnail":false,"shareObject":false},"imageUrl":{"$type":"ExpressionProperty","expression":{"expr":{"type":"literal","value":""},"args":{}}},"isBackgroundImage":false,"children":null,"onClickType":"action","onClick":null,"alternativeText":{"$type":"ExpressionProperty","expression":{"expr":{"type":"literal","value":""},"args":{}}},"widthUnit":"auto","width":100,"heightUnit":"auto","height":100,"iconSize":14,"displayAs":"fullImage","responsive":true,"class":"mx-name-image1"}},{"$widgetId":"20.Home.profile_image_NewEdit.textBox1$formGroup","widget":"FormGroup","props":{"class":"mx-name-textBox1 mx-textbox","control":[{"$widgetId":"20.Home.profile_image_NewEdit.textBox1","widget":"TextBox","props":{"inputValue":{"$type":"AttributeProperty","scope":"20.Home.profile_image_NewEdit.dataView1","path":"","entity":"Home.profile_image","attribute":"Name","onChange":{"type":"doNothing","argMap":{},"config":{},"disabledDuringExecution":false},"validation":null,"formatting":{}},"isPassword":false,"placeholder":{"$type":"TextProperty","value":""},"mask":"","readOnlyStyle":"control","maxLength":400,"onEnter":null,"onLeave":null,"onEnterKeyPress":null,"autocomplete":"on","submitWhileEditing":false,"submitDelay":300,"id":{"$type":"DerivedUniqueIdProperty","widgetId":"20.Home.profile_image_NewEdit.textBox1"}}}],"caption":{"$type":"ExpressionProperty","expression":{"expr":{"type":"literal","value":"Name"},"args":{}}},"labelFor":{"$type":"DerivedUniqueIdProperty","widgetId":"20.Home.profile_image_NewEdit.textBox1"},"width":3,"orientation":"horizontal","hasError":{"$type":"ValidationProperty","inputWidgetId":"20.Home.profile_image_NewEdit.textBox1"}}},{"$widgetId":"20.Home.profile_image_NewEdit.textBox2$formGroup","widget":"FormGroup","props":{"class":"mx-name-textBox2 mx-textbox","control":[{"$widgetId":"20.Home.profile_image_NewEdit.textBox2","widget":"TextBox","props":{"inputValue":{"$type":"AttributeProperty","scope":"20.Home.profile_image_NewEdit.dataView1","path":"","entity":"Home.profile_image","attribute":"Size","onChange":{"type":"doNothing","argMap":{},"config":{},"disabledDuringExecution":false},"validation":null,"formatting":{"numberFormat":{"groupDigits":false}}},"isPassword":false,"placeholder":{"$type":"TextProperty","value":""},"mask":"","readOnlyStyle":"control","onEnter":null,"onLeave":null,"onEnterKeyPress":null,"autocomplete":"on","submitWhileEditing":false,"submitDelay":300,"id":{"$type":"DerivedUniqueIdProperty","widgetId":"20.Home.profile_image_NewEdit.textBox2"}}}],"caption":{"$type":"ExpressionProperty","expression":{"expr":{"type":"literal","value":"Size"},"args":{}}},"labelFor":{"$type":"DerivedUniqueIdProperty","widgetId":"20.Home.profile_image_NewEdit.textBox2"},"width":3,"orientation":"horizontal","hasError":{"$type":"ValidationProperty","inputWidgetId":"20.Home.profile_image_NewEdit.textBox2"}}},{"$widgetId":"20.Home.profile_image_NewEdit.comboBox1$formGroup","widget":"FormGroup","props":{"class":"mx-name-comboBox1","control":[{"$widgetId":"20.Home.profile_image_NewEdit.comboBox1","widget":"com.mendix.widget.web.combobox.Combobox","props":{"source":"context","optionsSourceType":"association","optionsSourceDatabaseCaptionType":"attribute","attributeAssociation":{"$type":"AssociationProperty","type":"Reference","entity":"Home.profile_image","path":"","attribute":"Home.Employee_profile_image","endpointEntity":"Home.Employee","selectableObjectsId":"20.1","scope":"20.Home.profile_image_NewEdit.dataView1","onChange":{"type":"doNothing","argMap":{},"config":{},"disabledDuringExecution":false}},"optionsSourceAssociationDataSource":{"$type":"DatabaseObjectListProperty","dataSourceId":"20.1","entity":"Home.Employee","scope":"20.Home.profile_image_NewEdit.dataView1","operationId":"RIBkbF1ulkCn5ZKpVhzOJw","sort":[]},"optionsSourceAssociationCaptionType":"attribute","optionsSourceAssociationCaptionAttribute":{"$type":"ListAttributeProperty","path":"","entity":"Home.Employee","attribute":"Name","attributeType":"String","sortable":true,"filterable":true,"dataSourceId":"20.1"},"optionsSourceStaticDataSource":[],"emptyOptionText":{"$type":"ExpressionProperty","expression":{"expr":{"type":"literal","value":""},"args":{}}},"filterType":"contains","noOptionsText":{"$type":"ExpressionProperty","expression":{"expr":{"type":"literal","value":""},"args":{}}},"clearable":true,"optionsSourceAssociationCustomContentType":"no","optionsSourceAssociationCustomContent":null,"optionsSourceDatabaseCustomContentType":"no","staticDataSourceCustomContentType":"no","showFooter":false,"menuFooterContent":null,"selectionMethod":"checkbox","selectedItemsStyle":"text","selectAllButton":false,"selectAllButtonCaption":{"$type":"ExpressionProperty","expression":{"expr":{"type":"literal","value":"Select all"},"args":{}}},"onChangeEvent":null,"onEnterEvent":null,"onLeaveEvent":null,"ariaRequired":false,"clearButtonAriaLabel":{"$type":"ExpressionProperty","expression":{"expr":{"type":"literal","value":"Clear selection"},"args":{}}},"removeValueAriaLabel":{"$type":"ExpressionProperty","expression":{"expr":{"type":"literal","value":"Remove value"},"args":{}}},"a11ySelectedValue":{"$type":"ExpressionProperty","expression":{"expr":{"type":"literal","value":"Selected value:"},"args":{}}},"a11yOptionsAvailable":{"$type":"ExpressionProperty","expression":{"expr":{"type":"literal","value":"Number of options available:"},"args":{}}},"a11yInstructions":{"$type":"ExpressionProperty","expression":{"expr":{"type":"literal","value":"Use up and down arrow keys to navigate. Press Enter or Space Bar keys to select."},"args":{}}},"id":{"$type":"DerivedUniqueIdProperty","widgetId":"20.Home.profile_image_NewEdit.comboBox1"}}}],"caption":{"$type":"ExpressionProperty","expression":{"expr":{"type":"literal","value":"Employee"},"args":{}}},"labelFor":{"$type":"DerivedUniqueIdProperty","widgetId":"20.Home.profile_image_NewEdit.comboBox1"},"width":3,"orientation":"horizontal","hasError":{"$type":"ValidationProperty","inputWidgetId":"20.Home.profile_image_NewEdit.comboBox1"}}},{"$widgetId":"20.Home.profile_image_NewEdit.imageUploader1$formGroup","widget":"FormGroup","props":{"class":"mx-imageuploader mx-name-imageUploader1 mx-imageuploader","control":[{"$widgetId":"20.Home.profile_image_NewEdit.imageUploader1","widget":"FileManager","props":{"upload":{"$type":"FileUploadProperty","scope":"20.Home.profile_image_NewEdit.dataView1","thumbnailSize":{"width":100,"height":75}},"maxFileSize":5,"extensions":"","id":{"$type":"DerivedUniqueIdProperty","widgetId":"20.Home.profile_image_NewEdit.imageUploader1"}}}],"caption":{"$type":"ExpressionProperty","expression":{"expr":{"type":"literal","value":"Upload image"},"args":{}}},"labelFor":{"$type":"DerivedUniqueIdProperty","widgetId":"20.Home.profile_image_NewEdit.imageUploader1"},"width":3,"orientation":"horizontal","hasError":{"$type":"ValidationProperty","inputWidgetId":"20.Home.profile_image_NewEdit.imageUploader1"}}}],"hideFooter":false,"footer":[{"$widgetId":"20.Home.profile_image_NewEdit.actionButton1","widget":"ActionButton","props":{"buttonId":"20.Home.profile_image_NewEdit.actionButton1","class":"mx-name-actionButton1","renderType":"button","buttonClass":"btn-success","caption":{"$type":"ExpressionProperty","expression":{"expr":{"type":"literal","value":"Save"},"args":{}}},"tooltip":{"$type":"TextProperty","value":""},"action":{"$type":"ActionProperty","action":{"type":"saveChanges","argMap":{"$object":{"widget":"20.Home.profile_image_NewEdit.dataView1","source":"object"}},"config":{"operationId":"XkEZqQa06U6qod/3t8H29g","closePage":true},"disabledDuringExecution":true},"abortOnServerValidation":true}}},{"$widgetId":"20.Home.profile_image_NewEdit.actionButton2","widget":"ActionButton","props":{"buttonId":"20.Home.profile_image_NewEdit.actionButton2","class":"mx-name-actionButton2","renderType":"button","buttonClass":"btn-default","caption":{"$type":"ExpressionProperty","expression":{"expr":{"type":"literal","value":"Cancel"},"args":{}}},"tooltip":{"$type":"TextProperty","value":""},"action":{"$type":"ActionProperty","action":{"type":"cancelChanges","argMap":{},"config":{"operationId":"NEiZ44vMmUauR8HYfQUzqg","closePage":true},"disabledDuringExecution":true},"abortOnServerValidation":true}}}]}}]}}]}}]}}],"selections":[]'></div></m:argument></m:arguments></m:page>