﻿<?xml version='1.0' encoding='utf-8'?><m:page id='c5da0cf0-79da-4d97-b501-8853f131bd8a' xmlns='http://www.w3.org/1999/xhtml' title='Edit Project' cancelChangesOperationId='pnYlPa5cUkevDW3sVz+hVg' xmlns:m='http://schemas.mendix.com/forms/1.0'><m:parameters>["Project"]</m:parameters><m:layouts><m:layout path='Atlas_Core/PopupLayout.layout.xml'></m:layout></m:layouts><m:arguments><m:argument parameterName='0e9d1768-aaa3-4201-b4b6-32cc770100b2'><div data-mendix-id='13.Home.Project_NewEdit.layoutGrid1' data-mendix-type='mxui.widget.ReactWidgetWrapper' data-mendix-props='"widgetTree":[{"$widgetId":"13.Home.Project_NewEdit.layoutGrid1","widget":"Div","props":{"class":"mx-name-layoutGrid1 mx-layoutgrid mx-layoutgrid-fluid container-fluid","content":[{"$widgetId":"13.Home.Project_NewEdit.layoutGrid1$row0","widget":"Div","props":{"class":"row","content":[{"$widgetId":"13.Home.Project_NewEdit.layoutGrid1$row0$column0","widget":"Div","props":{"class":"col-lg col-md col","content":[{"$widgetId":"13.Home.Project_NewEdit.dataView1","widget":"DataView","props":{"class":"mx-name-dataView1 form-horizontal","object":{"$type":"AssociationObjectProperty","dataSourceId":"13.13","scope":"$Project","editable":true},"emptyMessage":{"$type":"TextProperty","value":""},"body":[{"$widgetId":"13.Home.Project_NewEdit.textBox1$formGroup","widget":"FormGroup","props":{"class":"mx-name-textBox1 mx-textbox","control":[{"$widgetId":"13.Home.Project_NewEdit.textBox1","widget":"TextBox","props":{"inputValue":{"$type":"AttributeProperty","scope":"13.Home.Project_NewEdit.dataView1","path":"","entity":"Home.Project","attribute":"project_id","onChange":{"type":"doNothing","argMap":{},"config":{},"disabledDuringExecution":false},"validation":null,"formatting":{"numberFormat":{"groupDigits":false}}},"isPassword":false,"placeholder":{"$type":"TextProperty","value":""},"mask":"","readOnlyStyle":"control","onEnter":null,"onLeave":null,"onEnterKeyPress":null,"autocomplete":"on","submitWhileEditing":false,"submitDelay":300,"id":{"$type":"DerivedUniqueIdProperty","widgetId":"13.Home.Project_NewEdit.textBox1"}}}],"caption":{"$type":"ExpressionProperty","expression":{"expr":{"type":"literal","value":"project id"},"args":{}}},"labelFor":{"$type":"DerivedUniqueIdProperty","widgetId":"13.Home.Project_NewEdit.textBox1"},"width":3,"orientation":"horizontal","hasError":{"$type":"ValidationProperty","inputWidgetId":"13.Home.Project_NewEdit.textBox1"}}},{"$widgetId":"13.Home.Project_NewEdit.textBox2$formGroup","widget":"FormGroup","props":{"class":"mx-name-textBox2 mx-textbox","control":[{"$widgetId":"13.Home.Project_NewEdit.textBox2","widget":"TextBox","props":{"inputValue":{"$type":"AttributeProperty","scope":"13.Home.Project_NewEdit.dataView1","path":"","entity":"Home.Project","attribute":"project_name","onChange":{"type":"doNothing","argMap":{},"config":{},"disabledDuringExecution":false},"validation":null,"formatting":{}},"isPassword":false,"placeholder":{"$type":"TextProperty","value":""},"mask":"","readOnlyStyle":"control","maxLength":200,"onEnter":null,"onLeave":null,"onEnterKeyPress":null,"autocomplete":"on","submitWhileEditing":false,"submitDelay":300,"id":{"$type":"DerivedUniqueIdProperty","widgetId":"13.Home.Project_NewEdit.textBox2"}}}],"caption":{"$type":"ExpressionProperty","expression":{"expr":{"type":"literal","value":"project name"},"args":{}}},"labelFor":{"$type":"DerivedUniqueIdProperty","widgetId":"13.Home.Project_NewEdit.textBox2"},"width":3,"orientation":"horizontal","hasError":{"$type":"ValidationProperty","inputWidgetId":"13.Home.Project_NewEdit.textBox2"}}}],"hideFooter":false,"footer":[{"$widgetId":"13.Home.Project_NewEdit.actionButton1","widget":"ActionButton","props":{"buttonId":"13.Home.Project_NewEdit.actionButton1","class":"mx-name-actionButton1","renderType":"button","buttonClass":"btn-success","caption":{"$type":"ExpressionProperty","expression":{"expr":{"type":"literal","value":"Save"},"args":{}}},"tooltip":{"$type":"TextProperty","value":""},"action":{"$type":"ActionProperty","action":{"type":"saveChanges","argMap":{"$object":{"widget":"13.Home.Project_NewEdit.dataView1","source":"object"}},"config":{"operationId":"wbiZR8cWV0CsEwD492kN7A","closePage":true},"disabledDuringExecution":true},"abortOnServerValidation":true}}},{"$widgetId":"13.Home.Project_NewEdit.actionButton2","widget":"ActionButton","props":{"buttonId":"13.Home.Project_NewEdit.actionButton2","class":"mx-name-actionButton2","renderType":"button","buttonClass":"btn-default","caption":{"$type":"ExpressionProperty","expression":{"expr":{"type":"literal","value":"Cancel"},"args":{}}},"tooltip":{"$type":"TextProperty","value":""},"action":{"$type":"ActionProperty","action":{"type":"cancelChanges","argMap":{},"config":{"operationId":"tDyq3KAwPEWvw7rjUxcsvg","closePage":true},"disabledDuringExecution":true},"abortOnServerValidation":true}}}]}}]}}]}}]}}],"selections":[]'></div></m:argument></m:arguments></m:page>