﻿<?xml version='1.0' encoding='utf-8'?><m:page id='d190a8da-ac3c-4d4d-b5cb-3d735f043215' xmlns='http://www.w3.org/1999/xhtml' title='Edit Project Members' cancelChangesOperationId='Ml11GQXUc0WcITvnHPPAHQ' xmlns:m='http://schemas.mendix.com/forms/1.0'><m:parameters>["project_members"]</m:parameters><m:layouts><m:layout path='Atlas_Core/PopupLayout.layout.xml'></m:layout></m:layouts><m:arguments><m:argument parameterName='0e9d1768-aaa3-4201-b4b6-32cc770100b2'><div data-mendix-id='8.Home.project_members_NewEdit.layoutGrid1' data-mendix-type='mxui.widget.ReactWidgetWrapper' data-mendix-props='"widgetTree":[{"$widgetId":"8.Home.project_members_NewEdit.layoutGrid1","widget":"Div","props":{"class":"mx-name-layoutGrid1 mx-layoutgrid mx-layoutgrid-fluid container-fluid","content":[{"$widgetId":"8.Home.project_members_NewEdit.layoutGrid1$row0","widget":"Div","props":{"class":"row","content":[{"$widgetId":"8.Home.project_members_NewEdit.layoutGrid1$row0$column0","widget":"Div","props":{"class":"col-lg col-md col","content":[{"$widgetId":"8.Home.project_members_NewEdit.dataView1","widget":"DataView","props":{"class":"mx-name-dataView1 form-horizontal","object":{"$type":"AssociationObjectProperty","dataSourceId":"8.15","scope":"$project_members","editable":true},"emptyMessage":{"$type":"TextProperty","value":""},"body":[{"$widgetId":"8.Home.project_members_NewEdit.textBox1$formGroup","widget":"FormGroup","props":{"class":"mx-name-textBox1 mx-textbox","control":[{"$widgetId":"8.Home.project_members_NewEdit.textBox1","widget":"TextBox","props":{"inputValue":{"$type":"AttributeProperty","scope":"8.Home.project_members_NewEdit.dataView1","path":"","entity":"Home.project_members","attribute":"member_id","onChange":{"type":"doNothing","argMap":{},"config":{},"disabledDuringExecution":false},"validation":null,"formatting":{"numberFormat":{"groupDigits":false}}},"isPassword":false,"placeholder":{"$type":"TextProperty","value":""},"mask":"","readOnlyStyle":"control","onEnter":null,"onLeave":null,"onEnterKeyPress":null,"autocomplete":"on","submitWhileEditing":false,"submitDelay":300,"id":{"$type":"DerivedUniqueIdProperty","widgetId":"8.Home.project_members_NewEdit.textBox1"}}}],"caption":{"$type":"ExpressionProperty","expression":{"expr":{"type":"literal","value":"member id"},"args":{}}},"labelFor":{"$type":"DerivedUniqueIdProperty","widgetId":"8.Home.project_members_NewEdit.textBox1"},"width":3,"orientation":"horizontal","hasError":{"$type":"ValidationProperty","inputWidgetId":"8.Home.project_members_NewEdit.textBox1"}}},{"$widgetId":"8.Home.project_members_NewEdit.comboBox1$formGroup","widget":"FormGroup","props":{"class":"mx-name-comboBox1","control":[{"$widgetId":"8.Home.project_members_NewEdit.comboBox1","widget":"com.mendix.widget.web.combobox.Combobox","props":{"source":"context","optionsSourceType":"association","optionsSourceDatabaseCaptionType":"attribute","attributeAssociation":{"$type":"AssociationProperty","type":"Reference","entity":"Home.project_members","path":"","attribute":"Home.project_members_Employee","endpointEntity":"Home.Employee","selectableObjectsId":"8.1","scope":"8.Home.project_members_NewEdit.dataView1","onChange":{"type":"doNothing","argMap":{},"config":{},"disabledDuringExecution":false}},"optionsSourceAssociationDataSource":{"$type":"DatabaseObjectListProperty","dataSourceId":"8.1","entity":"Home.Employee","scope":"8.Home.project_members_NewEdit.dataView1","operationId":"jT8FLZdvhECZQPsOY9WXfA","sort":[]},"optionsSourceAssociationCaptionType":"attribute","optionsSourceAssociationCaptionAttribute":{"$type":"ListAttributeProperty","path":"","entity":"Home.Employee","attribute":"Name","attributeType":"String","sortable":true,"filterable":true,"dataSourceId":"8.1"},"optionsSourceStaticDataSource":[],"emptyOptionText":{"$type":"ExpressionProperty","expression":{"expr":{"type":"literal","value":""},"args":{}}},"filterType":"contains","noOptionsText":{"$type":"ExpressionProperty","expression":{"expr":{"type":"literal","value":""},"args":{}}},"clearable":true,"optionsSourceAssociationCustomContentType":"no","optionsSourceAssociationCustomContent":null,"optionsSourceDatabaseCustomContentType":"no","staticDataSourceCustomContentType":"no","showFooter":false,"menuFooterContent":null,"selectionMethod":"checkbox","selectedItemsStyle":"text","selectAllButton":false,"selectAllButtonCaption":{"$type":"ExpressionProperty","expression":{"expr":{"type":"literal","value":"Select all"},"args":{}}},"onChangeEvent":null,"onEnterEvent":null,"onLeaveEvent":null,"ariaRequired":false,"clearButtonAriaLabel":{"$type":"ExpressionProperty","expression":{"expr":{"type":"literal","value":"Clear selection"},"args":{}}},"removeValueAriaLabel":{"$type":"ExpressionProperty","expression":{"expr":{"type":"literal","value":"Remove value"},"args":{}}},"a11ySelectedValue":{"$type":"ExpressionProperty","expression":{"expr":{"type":"literal","value":"Selected value:"},"args":{}}},"a11yOptionsAvailable":{"$type":"ExpressionProperty","expression":{"expr":{"type":"literal","value":"Number of options available:"},"args":{}}},"a11yInstructions":{"$type":"ExpressionProperty","expression":{"expr":{"type":"literal","value":"Use up and down arrow keys to navigate. Press Enter or Space Bar keys to select."},"args":{}}},"id":{"$type":"DerivedUniqueIdProperty","widgetId":"8.Home.project_members_NewEdit.comboBox1"}}}],"caption":{"$type":"ExpressionProperty","expression":{"expr":{"type":"literal","value":"Employee"},"args":{}}},"labelFor":{"$type":"DerivedUniqueIdProperty","widgetId":"8.Home.project_members_NewEdit.comboBox1"},"width":3,"orientation":"horizontal","hasError":{"$type":"ValidationProperty","inputWidgetId":"8.Home.project_members_NewEdit.comboBox1"}}},{"$widgetId":"8.Home.project_members_NewEdit.comboBox2$formGroup","widget":"FormGroup","props":{"class":"mx-name-comboBox2","control":[{"$widgetId":"8.Home.project_members_NewEdit.comboBox2","widget":"com.mendix.widget.web.combobox.Combobox","props":{"source":"context","optionsSourceType":"association","optionsSourceDatabaseCaptionType":"attribute","attributeAssociation":{"$type":"AssociationProperty","type":"Reference","entity":"Home.project_members","path":"","attribute":"Home.project_members_Project","endpointEntity":"Home.Project","selectableObjectsId":"8.2","scope":"8.Home.project_members_NewEdit.dataView1","onChange":{"type":"doNothing","argMap":{},"config":{},"disabledDuringExecution":false}},"optionsSourceAssociationDataSource":{"$type":"DatabaseObjectListProperty","dataSourceId":"8.2","entity":"Home.Project","scope":"8.Home.project_members_NewEdit.dataView1","operationId":"fhp1iqhVXUCCQ6WwbP39nQ","sort":[]},"optionsSourceAssociationCaptionType":"attribute","optionsSourceAssociationCaptionAttribute":{"$type":"ListAttributeProperty","path":"","entity":"Home.Project","attribute":"project_name","attributeType":"String","sortable":true,"filterable":true,"dataSourceId":"8.2"},"optionsSourceStaticDataSource":[],"emptyOptionText":{"$type":"ExpressionProperty","expression":{"expr":{"type":"literal","value":""},"args":{}}},"filterType":"contains","noOptionsText":{"$type":"ExpressionProperty","expression":{"expr":{"type":"literal","value":""},"args":{}}},"clearable":true,"optionsSourceAssociationCustomContentType":"no","optionsSourceAssociationCustomContent":null,"optionsSourceDatabaseCustomContentType":"no","staticDataSourceCustomContentType":"no","showFooter":false,"menuFooterContent":null,"selectionMethod":"checkbox","selectedItemsStyle":"text","selectAllButton":false,"selectAllButtonCaption":{"$type":"ExpressionProperty","expression":{"expr":{"type":"literal","value":"Select all"},"args":{}}},"onChangeEvent":null,"onEnterEvent":null,"onLeaveEvent":null,"ariaRequired":false,"clearButtonAriaLabel":{"$type":"ExpressionProperty","expression":{"expr":{"type":"literal","value":"Clear selection"},"args":{}}},"removeValueAriaLabel":{"$type":"ExpressionProperty","expression":{"expr":{"type":"literal","value":"Remove value"},"args":{}}},"a11ySelectedValue":{"$type":"ExpressionProperty","expression":{"expr":{"type":"literal","value":"Selected value:"},"args":{}}},"a11yOptionsAvailable":{"$type":"ExpressionProperty","expression":{"expr":{"type":"literal","value":"Number of options available:"},"args":{}}},"a11yInstructions":{"$type":"ExpressionProperty","expression":{"expr":{"type":"literal","value":"Use up and down arrow keys to navigate. Press Enter or Space Bar keys to select."},"args":{}}},"id":{"$type":"DerivedUniqueIdProperty","widgetId":"8.Home.project_members_NewEdit.comboBox2"}}}],"caption":{"$type":"ExpressionProperty","expression":{"expr":{"type":"literal","value":"Project"},"args":{}}},"labelFor":{"$type":"DerivedUniqueIdProperty","widgetId":"8.Home.project_members_NewEdit.comboBox2"},"width":3,"orientation":"horizontal","hasError":{"$type":"ValidationProperty","inputWidgetId":"8.Home.project_members_NewEdit.comboBox2"}}}],"hideFooter":false,"footer":[{"$widgetId":"8.Home.project_members_NewEdit.actionButton1","widget":"ActionButton","props":{"buttonId":"8.Home.project_members_NewEdit.actionButton1","class":"mx-name-actionButton1","renderType":"button","buttonClass":"btn-success","caption":{"$type":"ExpressionProperty","expression":{"expr":{"type":"literal","value":"Save"},"args":{}}},"tooltip":{"$type":"TextProperty","value":""},"action":{"$type":"ActionProperty","action":{"type":"saveChanges","argMap":{"$object":{"widget":"8.Home.project_members_NewEdit.dataView1","source":"object"}},"config":{"operationId":"0tf9JuBKIkqxMb+z7+Wklg","closePage":true},"disabledDuringExecution":true},"abortOnServerValidation":true}}},{"$widgetId":"8.Home.project_members_NewEdit.actionButton2","widget":"ActionButton","props":{"buttonId":"8.Home.project_members_NewEdit.actionButton2","class":"mx-name-actionButton2","renderType":"button","buttonClass":"btn-default","caption":{"$type":"ExpressionProperty","expression":{"expr":{"type":"literal","value":"Cancel"},"args":{}}},"tooltip":{"$type":"TextProperty","value":""},"action":{"$type":"ActionProperty","action":{"type":"cancelChanges","argMap":{},"config":{"operationId":"oaMitmaCn0K/w58BHJ5nCg","closePage":true},"disabledDuringExecution":true},"abortOnServerValidation":true}}}]}}]}}]}}]}}],"selections":[]'></div></m:argument></m:arguments></m:page>