﻿<?xml version='1.0' encoding='utf-8'?><m:page id='e64ea865-a84d-4f5f-9572-5c3704b51894' xmlns='http://www.w3.org/1999/xhtml' title='Projects' class='layout-atlas layout-atlas-responsive-default' xmlns:m='http://schemas.mendix.com/forms/1.0'><m:parameters>[]</m:parameters><m:layouts><m:layout path='Atlas_Core/Atlas_Default.layout.xml'></m:layout></m:layouts><m:arguments><m:argument parameterName='fc4ceaa6-4bfe-4e11-b573-52bbfb07121b'><div data-mendix-id='17.Home.Projects.layoutGrid4' data-mendix-type='mxui.widget.ReactWidgetWrapper' data-mendix-props='"widgetTree":[{"$widgetId":"17.Home.Projects.layoutGrid4","widget":"Div","props":{"class":"mx-name-layoutGrid4 mx-layoutgrid mx-layoutgrid-fluid container-fluid","content":[{"$widgetId":"17.Home.Projects.layoutGrid4$row0","widget":"Div","props":{"class":"row","content":[{"$widgetId":"17.Home.Projects.layoutGrid4$row0$column0","widget":"Div","props":{"class":"col-lg col-md col","content":[{"$widgetId":"17.Home.Projects.container1","widget":"Container","props":{"class":"mx-name-container1 pageheader spacing-outer-bottom-large","renderMode":"div","onClick":null,"content":[{"$widgetId":"17.Home.Projects.text40","widget":"Text","props":{"class":"mx-name-text40 pageheader-title spacing-outer-bottom","caption":{"$type":"ExpressionProperty","expression":{"expr":{"type":"literal","value":"Projects"},"args":{}}},"renderMode":"h1"}},{"$widgetId":"17.Home.Projects.text41","widget":"Text","props":{"class":"mx-name-text41 pageheader-subtitle text-detail spacing-outer-bottom-none","caption":{"$type":"ExpressionProperty","expression":{"expr":{"type":"literal","value":"Supporting text"},"args":{}}},"renderMode":"p"}}],"ariaHidden":false}}]}}]}},{"$widgetId":"17.Home.Projects.layoutGrid4$row1","widget":"Div","props":{"class":"row no-gutters masterdetail","content":[{"$widgetId":"17.Home.Projects.layoutGrid4$row1$column0","widget":"Div","props":{"class":"col-lg-3 col-md-12 col-12 masterdetail-master","content":[{"$widgetId":"17.Home.Projects.listView3","widget":"ListView","props":{"class":"mx-name-listView3 listview-lined listview-hover","listValue":{"$type":"DatabaseObjectListProperty","dataSourceId":"17.0","entity":"Home.Project","operationId":"3DRhY6TWOkGy8xwVXzMd3g","sort":[]},"searchAttributes":[{"$type":"ListAttributeProperty","path":"","entity":"Home.Project","attribute":"project_id","attributeType":"Integer","sortable":true,"filterable":true,"dataSourceId":"17.0"},{"$type":"ListAttributeProperty","path":"","entity":"Home.Project","attribute":"project_name","attributeType":"String","sortable":true,"filterable":true,"dataSourceId":"17.0"}],"itemTemplate":{"dataSourceId":"17.0","$template":[{"$widgetId":"17.Home.Projects.container3","widget":"Container","props":{"class":"mx-name-container3","renderMode":"div","onClick":null,"content":[{"$widgetId":"17.Home.Projects.text1","widget":"Text","props":{"class":"mx-name-text1 text-bold","caption":{"$type":"ExpressionProperty","expression":{"expr":{"type":"function","name":"_format","parameters":[{"type":"variable","variable":"currentObject","path":"project_id"},{"type":"literal","value":"{}"}]},"args":{"currentObject":{"widget":"17.Home.Projects.listView3","source":"object"}}}},"renderMode":"span"}}],"ariaHidden":false}},{"$widgetId":"17.Home.Projects.container4","widget":"Container","props":{"class":"mx-name-container4","renderMode":"div","onClick":null,"content":[{"$widgetId":"17.Home.Projects.text2","widget":"Text","props":{"class":"mx-name-text2 text-bold","caption":{"$type":"ExpressionProperty","expression":{"expr":{"type":"variable","variable":"currentObject","path":"project_name"},"args":{"currentObject":{"widget":"17.Home.Projects.listView3","source":"object"}}}},"renderMode":"span"}}],"ariaHidden":false}}],"editable":false},"onClick":null,"pageSize":5,"selection":{"$type":"WidgetVariableProperty","slot":"selection","type":"ObjectReferenceSet"}}}]}},{"$widgetId":"17.Home.Projects.layoutGrid4$row1$column1","widget":"Div","props":{"class":"col-lg col-md-12 col-12 masterdetail-detail","content":[{"$widgetId":"17.Home.Projects.container2","widget":"Container","props":{"class":"mx-name-container2 form spacing-outer-top-large spacing-outer-bottom-large spacing-outer-left-large spacing-outer-right-large","renderMode":"div","onClick":null,"content":[{"$widgetId":"17.Home.Projects.dataView6","widget":"DataView","props":{"class":"mx-name-dataView6 form-horizontal","object":{"$type":"ListenObjectProperty","dataSourceId":"17.34","editable":true,"listenTo":"17.Home.Projects.listView3","operationId":"MY64ZJL6vUW4OVLq/8xTzA"},"emptyMessage":{"$type":"TextProperty","value":""},"body":[{"$widgetId":"17.Home.Projects.text4","widget":"Text","props":{"class":"mx-name-text4 form-title spacing-outer-bottom-large","caption":{"$type":"ExpressionProperty","expression":{"expr":{"type":"function","name":"+","parameters":[{"type":"literal","value":"Project Name: "},{"type":"variable","variable":"currentObject","path":"project_name"}]},"args":{"currentObject":{"widget":"17.Home.Projects.dataView6","source":"object"}}}},"renderMode":"h4"}}],"hideFooter":false,"footer":[{"$widgetId":"17.Home.Projects.listView1","widget":"ListView","props":{"class":"mx-name-listView1","listValue":{"$type":"DatabaseObjectListProperty","dataSourceId":"17.1","entity":"Home.Employee","scope":"17.Home.Projects.dataView6","operationId":"/LEeW7xsnkyslkmSbL44Cg","sort":[],"arguments":{"currentObject":["17.Home.Projects.dataView6"],"CurrentObject":["17.Home.Projects.dataView6"]},"constraints":{"type":"function","name":"=","parameters":[{"type":"attribute","attribute":"Home.project_members_Project","attributeType":"ObjectReference"},{"type":"variable","name":"currentObject"}]}},"itemTemplate":{"dataSourceId":"17.1","$template":[{"$widgetId":"17.Home.Projects.snippetCall1","widget":"Fragment","props":{"content":[{"$widgetId":"17.Home.Snippet_emp_card.layoutGrid2","widget":"Div","props":{"class":"mx-name-layoutGrid2 mx-layoutgrid mx-layoutgrid-fluid card spacing-outer-left-medium spacing-inner-left-none","content":[{"$widgetId":"17.Home.Projects.layoutGrid2$row0","widget":"Div","props":{"class":"row","content":[{"$widgetId":"17.Home.Projects.layoutGrid2$row0$column0","widget":"Div","props":{"class":"col-lg col-md col","content":[{"$widgetId":"17.Home.Snippet_emp_card.layoutGrid3","widget":"Div","props":{"class":"mx-name-layoutGrid3 mx-layoutgrid mx-layoutgrid-fluid","content":[{"$widgetId":"17.Home.Projects.layoutGrid3$row0","widget":"Div","props":{"class":"row","content":[{"$widgetId":"17.Home.Projects.layoutGrid3$row0$column0","widget":"Div","props":{"class":"col-lg-auto col-md col","content":[{"$widgetId":"17.Home.Snippet_emp_card.image1","widget":"com.mendix.widget.web.image.Image","props":{"datasource":"icon","imageUrl":{"$type":"ExpressionProperty","expression":{"expr":{"type":"literal","value":""},"args":{}}},"imageIcon":{"$type":"IconProperty","icon":{"type":"icon","iconClass":"mx-icon-lined mx-icon-text-font"}},"isBackgroundImage":false,"children":null,"onClickType":"action","onClick":null,"alternativeText":{"$type":"ExpressionProperty","expression":{"expr":{"type":"literal","value":""},"args":{}}},"widthUnit":"auto","width":100,"heightUnit":"auto","height":100,"iconSize":14,"displayAs":"fullImage","responsive":true,"class":"mx-name-image1"}}]}},{"$widgetId":"17.Home.Projects.layoutGrid3$row0$column1","widget":"Div","props":{"class":"col-lg-9 col-md col","content":[{"$widgetId":"17.Home.Snippet_emp_card.text1","widget":"Text","props":{"class":"mx-name-text1","caption":{"$type":"ExpressionProperty","expression":{"expr":{"type":"function","name":"+","parameters":[{"type":"literal","value":"Name: "},{"type":"variable","variable":"Employee","path":"Name"}]},"args":{"Employee":{"widget":"17.Home.Projects.listView1","source":"object"}}}},"renderMode":"span"}}]}}]}},{"$widgetId":"17.Home.Projects.layoutGrid3$row1","widget":"Div","props":{"class":"row","content":[{"$widgetId":"17.Home.Projects.layoutGrid3$row1$column0","widget":"Div","props":{"class":"col-lg-auto col-md col","content":[{"$widgetId":"17.Home.Snippet_emp_card.image2","widget":"com.mendix.widget.web.image.Image","props":{"datasource":"icon","imageUrl":{"$type":"ExpressionProperty","expression":{"expr":{"type":"literal","value":""},"args":{}}},"imageIcon":{"$type":"IconProperty","icon":{"type":"icon","iconClass":"mx-icon-lined mx-icon-email"}},"isBackgroundImage":false,"children":null,"onClickType":"action","onClick":null,"alternativeText":{"$type":"ExpressionProperty","expression":{"expr":{"type":"literal","value":""},"args":{}}},"widthUnit":"auto","width":100,"heightUnit":"auto","height":100,"iconSize":14,"displayAs":"fullImage","responsive":true,"class":"mx-name-image2"}}]}},{"$widgetId":"17.Home.Projects.layoutGrid3$row1$column1","widget":"Div","props":{"class":"col-lg-9 col-md col","content":[{"$widgetId":"17.Home.Snippet_emp_card.text3","widget":"Text","props":{"class":"mx-name-text3","caption":{"$type":"ExpressionProperty","expression":{"expr":{"type":"function","name":"+","parameters":[{"type":"literal","value":"Email: "},{"type":"variable","variable":"Employee","path":"Email"}]},"args":{"Employee":{"widget":"17.Home.Projects.listView1","source":"object"}}}},"renderMode":"span"}}]}}]}},{"$widgetId":"17.Home.Projects.layoutGrid3$row2","widget":"Div","props":{"class":"row","content":[{"$widgetId":"17.Home.Projects.layoutGrid3$row2$column0","widget":"Div","props":{"class":"col-lg-auto col-md col","content":[{"$widgetId":"17.Home.Snippet_emp_card.image3","widget":"com.mendix.widget.web.image.Image","props":{"datasource":"icon","imageUrl":{"$type":"ExpressionProperty","expression":{"expr":{"type":"literal","value":""},"args":{}}},"imageIcon":{"$type":"IconProperty","icon":{"type":"icon","iconClass":"mx-icon-lined mx-icon-user"}},"isBackgroundImage":false,"children":null,"onClickType":"action","onClick":null,"alternativeText":{"$type":"ExpressionProperty","expression":{"expr":{"type":"literal","value":""},"args":{}}},"widthUnit":"auto","width":100,"heightUnit":"auto","height":100,"iconSize":14,"displayAs":"fullImage","responsive":true,"class":"mx-name-image3"}}]}},{"$widgetId":"17.Home.Projects.layoutGrid3$row2$column1","widget":"Div","props":{"class":"col-lg-9 col-md col","content":[{"$widgetId":"17.Home.Snippet_emp_card.text2","widget":"Text","props":{"class":"mx-name-text2 text-left d-block pull-left spacing-outer-left-none spacing-inner-left-none","caption":{"$type":"ExpressionProperty","expression":{"expr":{"type":"function","name":"+","parameters":[{"type":"literal","value":"Age: "},{"type":"function","name":"_format","parameters":[{"type":"variable","variable":"Employee","path":"Age"},{"type":"literal","value":"{}"}]}]},"args":{"Employee":{"widget":"17.Home.Projects.listView1","source":"object"}}}},"renderMode":"span"}}]}}]}},{"$widgetId":"17.Home.Projects.layoutGrid3$row3","widget":"Div","props":{"class":"row","content":[{"$widgetId":"17.Home.Projects.layoutGrid3$row3$column0","widget":"Div","props":{"class":"col-lg-auto col-md col","content":[{"$widgetId":"17.Home.Snippet_emp_card.image4","widget":"com.mendix.widget.web.image.Image","props":{"datasource":"icon","imageUrl":{"$type":"ExpressionProperty","expression":{"expr":{"type":"literal","value":""},"args":{}}},"imageIcon":{"$type":"IconProperty","icon":{"type":"icon","iconClass":"mx-icon-lined mx-icon-user"}},"isBackgroundImage":false,"children":null,"onClickType":"action","onClick":null,"alternativeText":{"$type":"ExpressionProperty","expression":{"expr":{"type":"literal","value":""},"args":{}}},"widthUnit":"auto","width":100,"heightUnit":"auto","height":100,"iconSize":14,"displayAs":"fullImage","responsive":true,"class":"mx-name-image4"}}]}},{"$widgetId":"17.Home.Projects.layoutGrid3$row3$column1","widget":"Div","props":{"class":"col-lg-9 col-md col","content":[{"$widgetId":"17.Home.Snippet_emp_card.text5","widget":"Text","props":{"class":"mx-name-text5","caption":{"$type":"ExpressionProperty","expression":{"expr":{"type":"function","name":"+","parameters":[{"type":"literal","value":"Gender:c"},{"type":"function","name":"getCaption","parameters":[{"type":"variable","variable":"Employee","path":"Gender"},{"type":"literal","value":"Home.Enum_gender"}]}]},"args":{"Employee":{"widget":"17.Home.Projects.listView1","source":"object"}}}},"renderMode":"span"}}]}}]}},{"$widgetId":"17.Home.Projects.layoutGrid3$row4","widget":"Div","props":{"class":"row","content":[{"$widgetId":"17.Home.Projects.layoutGrid3$row4$column0","widget":"Div","props":{"class":"col-lg-auto col-md col","content":[{"$widgetId":"17.Home.Snippet_emp_card.image5","widget":"com.mendix.widget.web.image.Image","props":{"datasource":"icon","imageUrl":{"$type":"ExpressionProperty","expression":{"expr":{"type":"literal","value":""},"args":{}}},"imageIcon":{"$type":"IconProperty","icon":{"type":"icon","iconClass":"mx-icon-lined mx-icon-briefcase"}},"isBackgroundImage":false,"children":null,"onClickType":"action","onClick":null,"alternativeText":{"$type":"ExpressionProperty","expression":{"expr":{"type":"literal","value":""},"args":{}}},"widthUnit":"auto","width":100,"heightUnit":"auto","height":100,"iconSize":14,"displayAs":"fullImage","responsive":true,"class":"mx-name-image5"}}]}},{"$widgetId":"17.Home.Projects.layoutGrid3$row4$column1","widget":"Div","props":{"class":"col-lg-9 col-md col","content":[{"$widgetId":"17.Home.Snippet_emp_card.text4","widget":"Text","props":{"class":"mx-name-text4","caption":{"$type":"ExpressionProperty","expression":{"expr":{"type":"function","name":"+","parameters":[{"type":"literal","value":"Designation: "},{"type":"variable","variable":"Employee","path":"Designation"}]},"args":{"Employee":{"widget":"17.Home.Projects.listView1","source":"object"}}}},"renderMode":"span"}}]}}]}}]}}]}},{"$widgetId":"17.Home.Projects.layoutGrid2$row0$column1","widget":"Div","props":{"class":"col-lg-4 col-md col","content":[{"$widgetId":"17.Home.Snippet_emp_card.dynamicImage1","widget":"Image","props":{"class":"mx-name-dynamicImage1 pull-right img-circle","source":{"$type":"DynamicImageProperty","scope":"17.Home.Projects.listView1","showAsThumbnail":true,"shareObject":false,"path":"Home.Employee_profile_image/Home.profile_image"},"responsive":true,"onClick":null,"onClickEnlarge":false,"alternativeText":{"$type":"ExpressionProperty","expression":{"expr":{"type":"literal","value":""},"args":{}}}}}]}}]}}]}}]}},{"$widgetId":"17.Home.Projects.container5","widget":"Container","props":{"class":"mx-name-container5","renderMode":"div","onClick":null,"content":null,"ariaHidden":false}},{"$widgetId":"17.Home.Projects.container6","widget":"Container","props":{"class":"mx-name-container6","renderMode":"div","onClick":null,"content":null,"ariaHidden":false}}],"editable":false},"onClick":null,"pageSize":10}}]}}],"ariaHidden":false}}]}}]}}]}}],"selections":[]'></div></m:argument></m:arguments></m:page>