﻿<?xml version='1.0' encoding='utf-8'?><m:layout id='bc7a573e-8df1-4492-b465-b50c42177420' xmlns='http://www.w3.org/1999/xhtml' xmlns:m='http://schemas.mendix.com/forms/1.0'><m:arguments><m:argument><div data-mendix-id='26.Atlas_Core.Atlas_TopBar.layoutContainer' data-mendix-type='mxui.widget.HorizontalScrollContainer' data-mendix-props='"fixed":true,"config":[{"position":"left","toggleMode":"pushContentAside","initiallyOpen":false},{"position":"center"}]' class='mx-scrollcontainer mx-scrollcontainer-horizontal mx-scrollcontainer-fixed'><div class='mx-scrollcontainer-left region-sidebar' data-style='width:320px'><div class='mx-scrollcontainer-wrapper'><div data-mendix-id='26.Atlas_Core.Atlas_TopBar.navigationTree1' data-mendix-type='mxui.widget.ReactWidgetWrapper' data-mendix-props='"widgetTree":[{"$widgetId":"26.Atlas_Core.Atlas_TopBar.navigationTree1","widget":"NavigationTree","props":{"class":"mx-name-navigationTree1","menu":[{"caption":{"$type":"TextProperty","value":"Home"},"icon":{"$type":"IconProperty","icon":{"type":"glyph","iconClass":"glyphicon-home"}},"action":{"$type":"ActionProperty","action":{"type":"openPage","argMap":{},"config":{"name":"Home/Home_Web.page.xml","location":"content","allowedRoles":["Administrator","User"]},"disabledDuringExecution":false},"skipClientValidation":true}}]}}],"selections":[]'></div></div></div><div class='mx-scrollcontainer-center '><div class='mx-scrollcontainer-wrapper mx-scrollcontainer-nested'><div data-mendix-id='26.Atlas_Core.Atlas_TopBar.layoutContainer$DanielSan' data-mendix-type='mxui.widget.VerticalScrollContainer' data-mendix-props='"fixed":true,"config":[{"position":"top"},{"position":"middle"}]' class='mx-scrollcontainer mx-scrollcontainer-vertical mx-scrollcontainer-fixed'><div class='mx-scrollcontainer-top region-topbar'><div class='mx-scrollcontainer-wrapper'><div data-mendix-id='26.Atlas_Core.Atlas_TopBar.snippetCall1' data-mendix-type='mxui.widget.ReactWidgetWrapper' data-mendix-props='"widgetTree":[{"$widgetId":"26.Atlas_Core.Atlas_TopBar.snippetCall1","widget":"Fragment","props":{"content":[{"$widgetId":"26.Atlas_Core.FeedbackWidget.feedback1","widget":"SprintrFeedbackWidget.SprintrFeedback","props":{"sprintrapp":"52190ca9-a8eb-49d6-847f-da0556421af2","allowScreenshot":true,"overrideFeedbackServerLocation":"","foreignObjectRendering":true,"scrollableAreaSelector":".mx-scrollcontainer-fixed &gt; .mx-scrollcontainer-middle &gt; .mx-scrollcontainer-wrapper","translation_Cancel":{"$type":"ExpressionProperty","expression":{"expr":{"type":"literal","value":"Cancel"},"args":{}}},"translation_Submit":{"$type":"ExpressionProperty","expression":{"expr":{"type":"literal","value":"Submit"},"args":{}}},"translation_Feedback":{"$type":"ExpressionProperty","expression":{"expr":{"type":"literal","value":"Feedback"},"args":{}}},"translation_Email_Address":{"$type":"ExpressionProperty","expression":{"expr":{"type":"literal","value":"Email"},"args":{}}},"translation_Include_a_screenshot_of_the_current_page":{"$type":"ExpressionProperty","expression":{"expr":{"type":"literal","value":"Include a screenshot of the current page"},"args":{}}},"translation_Screenshots_have_been_disabled_for_the_feedback_mode":{"$type":"ExpressionProperty","expression":{"expr":{"type":"literal","value":"Screenshots have been disabled for the feedback mode"},"args":{}}},"translation_Take_screenshot":{"$type":"ExpressionProperty","expression":{"expr":{"type":"literal","value":"Take screenshot"},"args":{}}},"translation_Error":{"$type":"ExpressionProperty","expression":{"expr":{"type":"literal","value":"Error"},"args":{}}},"translation_Sending_feedback":{"$type":"ExpressionProperty","expression":{"expr":{"type":"literal","value":"Sending..."},"args":{}}},"translation_Error_creating_a_screenshot":{"$type":"ExpressionProperty","expression":{"expr":{"type":"literal","value":"Error creating a screenshot"},"args":{}}},"submitSuccessImgUrl":"","submitFailedImgUrl":"","userInfo":"prefilled","translation_Modal_Title":{"$type":"ExpressionProperty","expression":{"expr":{"type":"literal","value":"Share Feedback"},"args":{}}},"translation_Modal_Introduction_Text":{"$type":"ExpressionProperty","expression":{"expr":{"type":"literal","value":"Help us make your experience better and share your feedback with us!"},"args":{}}},"translation_Close":{"$type":"ExpressionProperty","expression":{"expr":{"type":"literal","value":"Close"},"args":{}}},"translation_Clear":{"$type":"ExpressionProperty","expression":{"expr":{"type":"literal","value":"Clear"},"args":{}}},"translation_Subject":{"$type":"ExpressionProperty","expression":{"expr":{"type":"literal","value":"Subject"},"args":{}}},"translation_Description":{"$type":"ExpressionProperty","expression":{"expr":{"type":"literal","value":"Description"},"args":{}}},"translation_Description_Placeholder":{"$type":"ExpressionProperty","expression":{"expr":{"type":"literal","value":"Please add a detailed description, including steps you took before finding the issue, or how this idea would help improve the experience for you and other users."},"args":{}}},"translation_Description_Error":{"$type":"ExpressionProperty","expression":{"expr":{"type":"literal","value":"Description is Invalid"},"args":{}}},"translation_Attachment":{"$type":"ExpressionProperty","expression":{"expr":{"type":"literal","value":"Attachment"},"args":{}}},"translation_Email_Invalid":{"$type":"ExpressionProperty","expression":{"expr":{"type":"literal","value":"Email is Invalid"},"args":{}}},"translation_Email_Description_Placeholder":{"$type":"ExpressionProperty","expression":{"expr":{"type":"literal","value":"name@company.com"},"args":{}}},"translation_Your_email_address_is_optional":{"$type":"ExpressionProperty","expression":{"expr":{"type":"literal","value":"Your email address will only be used as a means to contact you about your feedback items."},"args":{}}},"translation_Done":{"$type":"ExpressionProperty","expression":{"expr":{"type":"literal","value":"Done"},"args":{}}},"translation_Enter_screenshot_mode":{"$type":"ExpressionProperty","expression":{"expr":{"type":"literal","value":"Enter Screenshot Mode"},"args":{}}},"translation_Upload_from_computer":{"$type":"ExpressionProperty","expression":{"expr":{"type":"literal","value":"Upload From Computer"},"args":{}}},"translation_File_Size":{"$type":"ExpressionProperty","expression":{"expr":{"type":"literal","value":"Maximum size is 5MB."},"args":{}}},"translation_Screenshot_Image_Alt_Text":{"$type":"ExpressionProperty","expression":{"expr":{"type":"literal","value":"Feedback screenshot image"},"args":{}}},"translation_Annotate":{"$type":"ExpressionProperty","expression":{"expr":{"type":"literal","value":"Annotate"},"args":{}}},"translation_Summarize_feedback_item":{"$type":"ExpressionProperty","expression":{"expr":{"type":"literal","value":"Summarize your feedback item in a few words"},"args":{}}},"translation_Add_as_many_details_as_you_can":{"$type":"ExpressionProperty","expression":{"expr":{"type":"literal","value":"Add as many details as you can, including steps you took before finding the issue, or how the\n                        idea you are suggesting could help us improve the experience for you and other people using the\n                        app."},"args":{}}},"translation_Use_Screenshot_mode_to_take_a_snapshot":{"$type":"ExpressionProperty","expression":{"expr":{"type":"literal","value":"Use ‘Screenshot mode’ to take a snapshot of your screen and annotate it. ‘Screenshote mode’ requires you to allow your browser to share your screen. Alternatively you can upload an image of up to 5MB in one of the following formats: jpg, jpeg, png, gif."},"args":{}}},"translation_Outro_Title":{"$type":"ExpressionProperty","expression":{"expr":{"type":"literal","value":"Feedback Submitted!"},"args":{}}},"translation_Outro_Paragraph":{"$type":"ExpressionProperty","expression":{"expr":{"type":"literal","value":"Thanks for sharing your feedback with us!"},"args":{}}},"translation_Submit_Feedback_Error_Title":{"$type":"ExpressionProperty","expression":{"expr":{"type":"literal","value":"Oops, it seems your feedback wasn’t sent!"},"args":{}}},"translation_Submit_Feedback_Error_Message":{"$type":"ExpressionProperty","expression":{"expr":{"type":"literal","value":"Please try again later, or contact support if the issue persists."},"args":{}}},"translation_Field_Required":{"$type":"ExpressionProperty","expression":{"expr":{"type":"literal","value":"This Field is Required"},"args":{}}},"class":"mx-name-feedback1"}}]}}],"selections":[]'></div><div class='mx-layoutgrid mx-layoutgrid-fluid container-fluid mx-name-layoutGrid1'><div class='row'><div class='col-lg-12 col-md-12 col-12'><div class='mx-name-container2 topbar-content'><div data-mendix-id='26.Atlas_Core.Atlas_TopBar.sidebarToggle3' data-mendix-type='mxui.widget.SidebarToggleButton' data-mendix-props='"caption":{"expr":{"type":"literal","value":""},"args":{}},"iconClass":"mx-icon-filled mx-icon-navigation-menu","title":"Toggle Menu","renderType":"button"' class='mx-name-sidebarToggle3 toggle-btn btn-primary' tabindex='0'></div><div data-mendix-id='26.Atlas_Core.Atlas_TopBar.layoutGrid2' data-mendix-type='mxui.widget.ReactWidgetWrapper' data-mendix-props='"widgetTree":[{"$widgetId":"26.Atlas_Core.Atlas_TopBar.layoutGrid2","widget":"Div","props":{"class":"mx-name-layoutGrid2 mx-layoutgrid mx-layoutgrid-fluid navbar-brand","content":[{"$widgetId":"26.Atlas_Core.Atlas_TopBar.layoutGrid2$row0","widget":"Div","props":{"class":"row align-children-center","content":[{"$widgetId":"26.Atlas_Core.Atlas_TopBar.layoutGrid2$row0$column0","widget":"Div","props":{"class":"col-lg-auto col-md-auto col-auto","content":[{"$widgetId":"26.Atlas_Core.Atlas_TopBar.staticImage1","widget":"com.mendix.widget.web.image.Image","props":{"datasource":"image","imageObject":{"$type":"StaticImageProperty","image":{"uri":"img/Atlas_Core$Layout$logo.svg?638509436090717374"}},"imageUrl":{"$type":"ExpressionProperty","expression":{"expr":{"type":"literal","value":""},"args":{}}},"isBackgroundImage":false,"children":null,"onClickType":"action","onClick":null,"alternativeText":{"$type":"ExpressionProperty","expression":{"expr":{"type":"literal","value":""},"args":{}}},"widthUnit":"auto","width":100,"heightUnit":"auto","height":100,"iconSize":14,"displayAs":"fullImage","responsive":false,"class":"mx-name-staticImage1"}}]}},{"$widgetId":"26.Atlas_Core.Atlas_TopBar.layoutGrid2$row0$column1","widget":"Div","props":{"class":"col-lg col-md col","content":[{"$widgetId":"26.Atlas_Core.Atlas_TopBar.menuBar1","widget":"MenuBar","props":{"class":"mx-name-menuBar1 hidden-xs hide-icons","menu":[{"caption":{"$type":"TextProperty","value":"Home"},"icon":{"$type":"IconProperty","icon":{"type":"glyph","iconClass":"glyphicon-home"}},"action":{"$type":"ActionProperty","action":{"type":"openPage","argMap":{},"config":{"name":"Home/Home_Web.page.xml","location":"content","allowedRoles":["Administrator","User"]},"disabledDuringExecution":false},"skipClientValidation":true}}]}}]}},{"$widgetId":"26.Atlas_Core.Atlas_TopBar.layoutGrid2$row0$column2","widget":"Div","props":{"class":"col-lg-auto col-md-auto col-auto","content":[{"$widgetId":"26.Atlas_Core.Atlas_TopBar.snippetCall2","widget":"Fragment","props":{"content":[{"$widgetId":"26.Atlas_Core.LanguageSelectorWidget.languageSelector1","widget":"com.mendix.widget.web.languageselector.LanguageSelector","props":{"languageOptions":{"$type":"DatabaseObjectListProperty","dataSourceId":"26.12","entity":"System.Language","operationId":"dPsjxRnOdEu9p5fsFoO6bA","sort":[["Description","asc"]]},"languageCaption":{"$type":"ListExpressionProperty","expression":{"expr":{"type":"variable","variable":"currentObject","path":"Description"},"args":{"currentObject":{"widget":"26.Atlas_Core.LanguageSelectorWidget.languageSelector1","source":"object"}}},"dataSourceId":"26.12"},"position":"bottom","trigger":"click","hideForSingle":false,"class":"mx-name-languageSelector1"}}]}}]}}]}}]}}],"selections":[]'></div></div></div></div></div></div></div><div class='mx-scrollcontainer-middle region-content'><div class='mx-scrollcontainer-wrapper'><div data-mx-placeholder='2e317471-16a3-419d-b1a9-ead58acfb4dc' class='mx-placeholder'></div></div></div></div></div></div></div></m:argument></m:arguments></m:layout>