﻿<?xml version='1.0' encoding='utf-8'?><m:layout id='6ead2ebf-2354-4432-930c-155f49406946' xmlns='http://www.w3.org/1999/xhtml' xmlns:m='http://schemas.mendix.com/forms/1.0'><m:arguments><m:argument><div data-mendix-id='32.Atlas_Core.Phone_TopBar.scrollContainer1' data-mendix-type='mxui.widget.VerticalScrollContainer' data-mendix-props='"fixed":true,"config":[{"position":"top"},{"position":"middle"}]' class='mx-scrollcontainer mx-scrollcontainer-vertical mx-scrollcontainer-fixed'><div class='mx-scrollcontainer-top region-topbar'><div class='mx-scrollcontainer-wrapper'><div class='mx-header mx-name-header1'><div class='mx-header-center'><div data-mendix-id='32.2' data-mendix-type='mxui.widget.ReactWidgetWrapper' data-mendix-props='"widgetTree":[{"$widgetId":"32.2","widget":"Title","props":{"class":"","caption":{"$type":"ExpressionProperty","expression":{"expr":{"type":"variable","variable":"pageTitle"},"args":{}}}}}],"selections":[]'></div></div><div class='mx-header-left'><div data-mx-placeholder='66adafc5-ceaf-4d14-81fd-2fc172fe501b' class='mx-placeholder'></div></div><div class='mx-header-right'><div data-mx-placeholder='b394a886-3f05-45c5-a1a5-6915ccfdac14' class='mx-placeholder'></div></div></div></div></div><div class='mx-scrollcontainer-middle region-content'><div class='mx-scrollcontainer-wrapper'><div data-mx-placeholder='0c5a2c20-ef03-481d-b732-e31e9351618d' class='mx-placeholder'></div></div></div></div></m:argument></m:arguments></m:layout>