﻿<?xml version='1.0' encoding='utf-8'?><m:layout id='abe89439-4777-449b-8d48-cac0827ad626' xmlns='http://www.w3.org/1999/xhtml' xmlns:m='http://schemas.mendix.com/forms/1.0'><m:arguments><m:argument><div data-mendix-id='26.Atlas_Core.Phone_FullPage.scrollContainer1' data-mendix-type='mxui.widget.HorizontalScrollContainer' data-mendix-props='"fixed":true,"config":[{"position":"center"}]' class='mx-scrollcontainer mx-scrollcontainer-horizontal mx-scrollcontainer-fixed'><div class='mx-scrollcontainer-center region-content'><div class='mx-scrollcontainer-wrapper'><div data-mx-placeholder='6c077d2e-ad27-4ad3-8a96-41fbdc43e46d' class='mx-placeholder'></div></div></div></div></m:argument></m:arguments></m:layout>