﻿<?xml version='1.0' encoding='utf-8'?><m:layout id='384715d3-719a-4ff0-9119-a8974d742d64' xmlns='http://www.w3.org/1999/xhtml' xmlns:m='http://schemas.mendix.com/forms/1.0'><m:arguments><m:argument><div data-mendix-id='33.Atlas_Core.Phone_Default.scrollContainer1' data-mendix-type='mxui.widget.VerticalScrollContainer' data-mendix-props='"fixed":true,"config":[{"position":"top"},{"position":"middle"},{"position":"bottom"}]' class='mx-scrollcontainer mx-scrollcontainer-vertical mx-scrollcontainer-fixed'><div class='mx-scrollcontainer-top '><div class='mx-scrollcontainer-wrapper'><div class='mx-header mx-name-header1'><div class='mx-header-center'><div data-mendix-id='33.2' data-mendix-type='mxui.widget.ReactWidgetWrapper' data-mendix-props='"widgetTree":[{"$widgetId":"33.2","widget":"Title","props":{"class":"","caption":{"$type":"ExpressionProperty","expression":{"expr":{"type":"variable","variable":"pageTitle"},"args":{}}}}}],"selections":[]'></div></div><div class='mx-header-left'><div data-mx-placeholder='1fe69214-3d08-477b-a349-2698c3b36d4f' class='mx-placeholder'></div></div><div class='mx-header-right'><div data-mx-placeholder='f24a7287-fd41-4cc0-9457-0ed5f5cf8e7c' class='mx-placeholder'></div></div></div></div></div><div class='mx-scrollcontainer-middle region-content'><div class='mx-scrollcontainer-wrapper'><div data-mx-placeholder='a4b94e04-db77-483b-8da8-ac81683af873' class='mx-placeholder'></div></div></div><div class='mx-scrollcontainer-bottom region-bottombar'><div class='mx-scrollcontainer-wrapper'><div data-mendix-id='33.Atlas_Core.Phone_Default.simpleMenuBar1' data-mendix-type='mxui.widget.ReactWidgetWrapper' data-mendix-props='"widgetTree":[{"$widgetId":"33.Atlas_Core.Phone_Default.simpleMenuBar1","widget":"SimpleMenuBar","props":{"class":"mx-name-simpleMenuBar1 bottom-nav-text-icons","menu":[{"caption":{"$type":"TextProperty","value":"Home"},"icon":{"$type":"IconProperty","icon":{"type":"icon","iconClass":"mx-icon-filled mx-icon-home"}},"action":null},{"caption":{"$type":"TextProperty","value":"Layouts"},"icon":{"$type":"IconProperty","icon":{"type":"icon","iconClass":"mx-icon-filled mx-icon-layout-2"}},"action":null},{"caption":{"$type":"TextProperty","value":"Templates"},"icon":{"$type":"IconProperty","icon":{"type":"icon","iconClass":"mx-icon-filled mx-icon-notes-paper-text"}},"action":null},{"caption":{"$type":"TextProperty","value":"Widgets"},"icon":{"$type":"IconProperty","icon":{"type":"icon","iconClass":"mx-icon-filled mx-icon-cog"}},"action":null}],"orientation":"horizontal"}}],"selections":[]'></div></div></div></div></m:argument></m:arguments></m:layout>