﻿<?xml version='1.0' encoding='utf-8'?><m:layout id='b7e99651-8f01-4e43-a8c9-4b3e1bc072dc' xmlns='http://www.w3.org/1999/xhtml' xmlns:m='http://schemas.mendix.com/forms/1.0'><m:arguments><m:argument><div data-mendix-id='27.Atlas_Core.PopupLayout.scrollContainer1' data-mendix-type='mxui.widget.HorizontalScrollContainer' data-mendix-props='"fixed":true,"config":[{"position":"center"}]' class='mx-scrollcontainer mx-scrollcontainer-horizontal mx-scrollcontainer-fixed'><div class='mx-scrollcontainer-center '><div class='mx-scrollcontainer-wrapper'><div data-mx-placeholder='0e9d1768-aaa3-4201-b4b6-32cc770100b2' class='mx-placeholder'></div></div></div></div></m:argument></m:arguments></m:layout>