﻿<?xml version='1.0' encoding='utf-8'?><m:layout id='e9b32de9-b81f-413e-be3b-5a4c509ab6e4' xmlns='http://www.w3.org/1999/xhtml' xmlns:m='http://schemas.mendix.com/forms/1.0'><m:arguments><m:argument><div data-mendix-id='25.Atlas_Core.Tablet_TopBar.layoutContainer' data-mendix-type='mxui.widget.VerticalScrollContainer' data-mendix-props='"fixed":true,"config":[{"position":"top"},{"position":"middle"}]' class='mx-scrollcontainer mx-scrollcontainer-vertical mx-scrollcontainer-fixed'><div class='mx-scrollcontainer-top region-topbar'><div class='mx-scrollcontainer-wrapper'><div class='mx-header mx-name-header1'><div class='mx-header-center'><div data-mendix-id='25.2' data-mendix-type='mxui.widget.ReactWidgetWrapper' data-mendix-props='"widgetTree":[{"$widgetId":"25.2","widget":"Title","props":{"class":"","caption":{"$type":"ExpressionProperty","expression":{"expr":{"type":"variable","variable":"pageTitle"},"args":{}}}}}],"selections":[]'></div></div><div class='mx-header-left'><div data-mx-placeholder='0b141f6a-ced9-4278-bdb2-9e4b8621f34b' class='mx-placeholder'></div></div><div class='mx-header-right'><div data-mx-placeholder='9e09d799-98c3-4cfe-b059-241a8cb83875' class='mx-placeholder'></div></div></div></div></div><div class='mx-scrollcontainer-middle region-content'><div class='mx-scrollcontainer-wrapper'><div data-mx-placeholder='837ddd43-1573-4bec-8104-7c1f4a695c96' class='mx-placeholder'></div></div></div></div></m:argument></m:arguments></m:layout>