﻿<?xml version='1.0' encoding='utf-8'?><m:layout id='ba6a7292-7e13-47eb-8943-42a060c4e992' xmlns='http://www.w3.org/1999/xhtml' xmlns:m='http://schemas.mendix.com/forms/1.0'><m:arguments><m:argument><div data-mendix-id='30.Atlas_Core.Tablet_Split_Left.layoutContainer' data-mendix-type='mxui.widget.VerticalScrollContainer' data-mendix-props='"fixed":true,"config":[{"position":"top"},{"position":"middle"},{"position":"bottom"}]' class='mx-scrollcontainer mx-scrollcontainer-vertical mx-scrollcontainer-fixed'><div class='mx-scrollcontainer-top region-topbar'><div class='mx-scrollcontainer-wrapper'><div class='mx-header mx-name-header1'><div class='mx-header-center'><div data-mendix-id='30.2' data-mendix-type='mxui.widget.ReactWidgetWrapper' data-mendix-props='"widgetTree":[{"$widgetId":"30.2","widget":"Title","props":{"class":"","caption":{"$type":"ExpressionProperty","expression":{"expr":{"type":"variable","variable":"pageTitle"},"args":{}}}}}],"selections":[]'></div></div><div class='mx-header-left'><div data-mx-placeholder='38930a89-fa6b-4f1b-8dda-fcb13da66c78' class='mx-placeholder'></div></div><div class='mx-header-right'><div data-mx-placeholder='4626fb0b-75fc-4b7a-ae12-38f8d29a1373' class='mx-placeholder'></div></div></div></div></div><div class='mx-scrollcontainer-middle '><div class='mx-scrollcontainer-wrapper mx-scrollcontainer-nested'><div data-mendix-id='30.Atlas_Core.Tablet_Split_Left.layoutContainer$DanielSan' data-mendix-type='mxui.widget.HorizontalScrollContainer' data-mendix-props='"fixed":true,"config":[{"position":"left"},{"position":"center"}]' class='mx-scrollcontainer mx-scrollcontainer-horizontal mx-scrollcontainer-fixed'><div class='mx-scrollcontainer-left region-left' data-style='width:375px'><div class='mx-scrollcontainer-wrapper'><div data-mx-placeholder='4443d9e7-cb7c-4c66-abb5-1f06dd6b317c' class='mx-placeholder'></div></div></div><div class='mx-scrollcontainer-center region-content'><div class='mx-scrollcontainer-wrapper'><div data-mx-placeholder='8e924fb4-cab9-48aa-88d8-d5938bb56a22' class='mx-placeholder'></div></div></div></div></div></div><div class='mx-scrollcontainer-bottom region-bottombar'><div class='mx-scrollcontainer-wrapper'><div data-mendix-id='30.Atlas_Core.Tablet_Split_Left.simpleMenuBar1' data-mendix-type='mxui.widget.ReactWidgetWrapper' data-mendix-props='"widgetTree":[{"$widgetId":"30.Atlas_Core.Tablet_Split_Left.simpleMenuBar1","widget":"SimpleMenuBar","props":{"class":"mx-name-simpleMenuBar1 bottom-nav-text-icons","menu":[{"caption":{"$type":"TextProperty","value":"Home"},"icon":{"$type":"IconProperty","icon":{"type":"icon","iconClass":"mx-icon-filled mx-icon-home"}},"action":null},{"caption":{"$type":"TextProperty","value":"Layouts"},"icon":{"$type":"IconProperty","icon":{"type":"icon","iconClass":"mx-icon-filled mx-icon-layout-2"}},"action":null},{"caption":{"$type":"TextProperty","value":"Templates"},"icon":{"$type":"IconProperty","icon":{"type":"icon","iconClass":"mx-icon-filled mx-icon-notes-paper-text"}},"action":null},{"caption":{"$type":"TextProperty","value":"Widgets"},"icon":{"$type":"IconProperty","icon":{"type":"icon","iconClass":"mx-icon-filled mx-icon-cog"}},"action":null}],"orientation":"horizontal"}}],"selections":[]'></div></div></div></div></m:argument></m:arguments></m:layout>