﻿<?xml version='1.0' encoding='utf-8'?><m:layout id='addfdfe7-4d85-4b2c-9069-38ccf68efa75' xmlns='http://www.w3.org/1999/xhtml' xmlns:m='http://schemas.mendix.com/forms/1.0'><m:arguments><m:argument><div data-mendix-id='24.Atlas_Core.Tablet_FullPage.layoutContainer' data-mendix-type='mxui.widget.VerticalScrollContainer' data-mendix-props='"fixed":true,"config":[{"position":"middle"}]' class='mx-scrollcontainer mx-scrollcontainer-vertical mx-scrollcontainer-fixed'><div class='mx-scrollcontainer-middle region-content'><div class='mx-scrollcontainer-wrapper'><div data-mx-placeholder='9148209c-3fe7-4cdc-9c5d-58573cffdbfe' class='mx-placeholder'></div></div></div></div></m:argument></m:arguments></m:layout>