﻿<?xml version='1.0' encoding='utf-8'?><m:layout id='301fa631-8904-47bd-b774-e719b209ffbf' xmlns='http://www.w3.org/1999/xhtml' xmlns:m='http://schemas.mendix.com/forms/1.0'><m:arguments><m:argument><div data-mendix-id='21.Atlas_Core.Tablet_Default.layoutContainer' data-mendix-type='mxui.widget.VerticalScrollContainer' data-mendix-props='"fixed":true,"config":[{"position":"top"},{"position":"middle"},{"position":"bottom"}]' class='mx-scrollcontainer mx-scrollcontainer-vertical mx-scrollcontainer-fixed'><div class='mx-scrollcontainer-top region-topbar'><div class='mx-scrollcontainer-wrapper'><div class='mx-header mx-name-header1'><div class='mx-header-center'><div data-mendix-id='21.2' data-mendix-type='mxui.widget.ReactWidgetWrapper' data-mendix-props='"widgetTree":[{"$widgetId":"21.2","widget":"Title","props":{"class":"","caption":{"$type":"ExpressionProperty","expression":{"expr":{"type":"variable","variable":"pageTitle"},"args":{}}}}}],"selections":[]'></div></div><div class='mx-header-left'><div data-mx-placeholder='14219dd9-af1d-4201-8530-62dafce425aa' class='mx-placeholder'></div></div><div class='mx-header-right'><div data-mx-placeholder='5b70472e-6e8b-476b-a339-e64c57ee07b5' class='mx-placeholder'></div></div></div></div></div><div class='mx-scrollcontainer-middle region-content'><div class='mx-scrollcontainer-wrapper'><div data-mx-placeholder='a8057317-61d0-4834-a446-34174c0145aa' class='mx-placeholder'></div></div></div><div class='mx-scrollcontainer-bottom region-bottombar'><div class='mx-scrollcontainer-wrapper'><div data-mendix-id='21.Atlas_Core.Tablet_Default.simpleMenuBar1' data-mendix-type='mxui.widget.ReactWidgetWrapper' data-mendix-props='"widgetTree":[{"$widgetId":"21.Atlas_Core.Tablet_Default.simpleMenuBar1","widget":"SimpleMenuBar","props":{"class":"mx-name-simpleMenuBar1 bottom-nav-text-icons","menu":[{"caption":{"$type":"TextProperty","value":"Home"},"icon":{"$type":"IconProperty","icon":{"type":"icon","iconClass":"mx-icon-filled mx-icon-home"}},"action":null},{"caption":{"$type":"TextProperty","value":"Layouts"},"icon":{"$type":"IconProperty","icon":{"type":"icon","iconClass":"mx-icon-filled mx-icon-layout-2"}},"action":null},{"caption":{"$type":"TextProperty","value":"Templates"},"icon":{"$type":"IconProperty","icon":{"type":"icon","iconClass":"mx-icon-filled mx-icon-notes-paper-text"}},"action":null},{"caption":{"$type":"TextProperty","value":"Widgets"},"icon":{"$type":"IconProperty","icon":{"type":"icon","iconClass":"mx-icon-filled mx-icon-cog"}},"action":null}],"orientation":"horizontal"}}],"selections":[]'></div></div></div></div></m:argument></m:arguments></m:layout>