﻿<?xml version='1.0' encoding='utf-8'?><m:layout id='b94f82c7-8dfc-4c92-9611-63004a2c06e4' xmlns='http://www.w3.org/1999/xhtml' xmlns:m='http://schemas.mendix.com/forms/1.0'><m:arguments><m:argument><div data-mendix-id='23.Atlas_Core.Tablet_Sidebar.layoutContainer' data-mendix-type='mxui.widget.HorizontalScrollContainer' data-mendix-props='"fixed":true,"config":[{"position":"left","toggleMode":"shrinkContent","initiallyOpen":false},{"position":"center"}]' class='mx-scrollcontainer mx-scrollcontainer-horizontal mx-scrollcontainer-fixed'><div class='mx-scrollcontainer-left region-sidebar' data-style='width:280px'><div class='mx-scrollcontainer-wrapper'><div data-mendix-id='23.Atlas_Core.Tablet_Sidebar.container1' data-mendix-type='mxui.widget.ReactWidgetWrapper' data-mendix-props='"widgetTree":[{"$widgetId":"23.Atlas_Core.Tablet_Sidebar.container1","widget":"Container","props":{"class":"mx-name-container1 sidebar-heading row-left spacing-inner-top-medium spacing-inner-bottom-medium spacing-inner-left-medium spacing-inner-right-medium","renderMode":"div","onClick":null,"content":[{"$widgetId":"23.Atlas_Core.Tablet_Sidebar.image1","widget":"com.mendix.widget.web.image.Image","props":{"datasource":"image","imageObject":{"$type":"StaticImageProperty","image":{"uri":"img/Atlas_Core$Layout$logo.svg?638509436090717374"}},"imageUrl":{"$type":"ExpressionProperty","expression":{"expr":{"type":"literal","value":""},"args":{}}},"isBackgroundImage":false,"children":null,"onClickType":"action","onClick":null,"alternativeText":{"$type":"ExpressionProperty","expression":{"expr":{"type":"literal","value":""},"args":{}}},"widthUnit":"pixels","width":28,"heightUnit":"auto","height":100,"iconSize":14,"displayAs":"fullImage","responsive":true,"class":"mx-name-image1 spacing-outer-right"}},{"$widgetId":"23.Atlas_Core.Tablet_Sidebar.text1","widget":"Text","props":{"class":"mx-name-text1 text-white text-bold","caption":{"$type":"ExpressionProperty","expression":{"expr":{"type":"literal","value":"Mendix"},"args":{}}},"renderMode":"span"}}],"ariaHidden":false}}],"selections":[]'></div><div data-mendix-id='23.Atlas_Core.Tablet_Sidebar.navigationTree3' data-mendix-type='mxui.widget.ReactWidgetWrapper' data-mendix-props='"widgetTree":[{"$widgetId":"23.Atlas_Core.Tablet_Sidebar.navigationTree3","widget":"NavigationTree","props":{"class":"mx-name-navigationTree3","menu":[{"caption":{"$type":"TextProperty","value":"Home"},"icon":{"$type":"IconProperty","icon":{"type":"icon","iconClass":"mx-icon-filled mx-icon-home"}},"action":null},{"caption":{"$type":"TextProperty","value":"Layouts"},"icon":{"$type":"IconProperty","icon":{"type":"icon","iconClass":"mx-icon-filled mx-icon-layout-2"}},"action":null},{"caption":{"$type":"TextProperty","value":"Templates"},"icon":{"$type":"IconProperty","icon":{"type":"icon","iconClass":"mx-icon-filled mx-icon-notes-paper-text"}},"action":null},{"caption":{"$type":"TextProperty","value":"Widgets"},"icon":{"$type":"IconProperty","icon":{"type":"icon","iconClass":"mx-icon-filled mx-icon-cog"}},"action":null}]}}],"selections":[]'></div></div></div><div class='mx-scrollcontainer-center '><div class='mx-scrollcontainer-wrapper mx-scrollcontainer-nested'><div data-mendix-id='23.Atlas_Core.Tablet_Sidebar.layoutContainer$DanielSan' data-mendix-type='mxui.widget.VerticalScrollContainer' data-mendix-props='"fixed":true,"config":[{"position":"top"},{"position":"middle"}]' class='mx-scrollcontainer mx-scrollcontainer-vertical mx-scrollcontainer-fixed'><div class='mx-scrollcontainer-top region-topbar'><div class='mx-scrollcontainer-wrapper'><div class='mx-header mx-name-header1'><div class='mx-header-center'><div data-mendix-id='23.12' data-mendix-type='mxui.widget.ReactWidgetWrapper' data-mendix-props='"widgetTree":[{"$widgetId":"23.12","widget":"Title","props":{"class":"","caption":{"$type":"ExpressionProperty","expression":{"expr":{"type":"variable","variable":"pageTitle"},"args":{}}}}}],"selections":[]'></div></div><div class='mx-header-left'><div data-mendix-id='23.Atlas_Core.Tablet_Sidebar.sidebarToggle3' data-mendix-type='mxui.widget.SidebarToggleButton' data-mendix-props='"caption":{"expr":{"type":"literal","value":""},"args":{}},"iconClass":"mx-icon-filled mx-icon-navigation-menu","title":"Toggle Menu","renderType":"link"' class='mx-name-sidebarToggle3 toggle-btn' tabindex='-1'></div></div><div class='mx-header-right'><div data-mx-placeholder='85a1e07c-39a8-41cd-83d8-ee91e61b5378' class='mx-placeholder'></div></div></div></div></div><div class='mx-scrollcontainer-middle region-content'><div class='mx-scrollcontainer-wrapper'><div data-mx-placeholder='86250325-0b2f-4e9e-b20c-3f87291e9bc5' class='mx-placeholder'></div></div></div></div></div></div></div></m:argument></m:arguments></m:layout>