{
  "RuntimeVersion": "10.10.0.34429",
  "ProjectID": "f0d15311-3b95-40b8-841a-416374a26e60",
  "ProjectName": "Atrina",
  "ModelVersion": "unversioned",
  "Description": "",
  "AdminUser": "MxAdmin",
  "AdminRole": "8dd52bfa-6d7e-453b-b506-303c0a3d9567",
  "JavaVersion": 11,
  "Roles": {
    "8dd52bfa-6d7e-453b-b506-303c0a3d9567": {
      "Name": "Administrator",
      "ManageableRoles": [
        "8dd52bfa-6d7e-453b-b506-303c0a3d9567",
        "53f5d6fa-6da9-4a71-b011-454ec052cce8"
      ]
    },
    "53f5d6fa-6da9-4a71-b011-454ec052cce8": {
      "Name": "User",
      "ManageableRoles": [
        "8dd52bfa-6d7e-453b-b506-303c0a3d9567",
        "53f5d6fa-6da9-4a71-b011-454ec052cce8"
      ]
    }
  },
  "Constants": [],
  "ScheduledEvents": [],
  "Languages": [
    "en_US"
  ],
  "Configuration": {
    "SourceDatabaseType": "HSQLDB",
    "SourceDatabaseName": "default",
    "SourceBuiltInDatabasePath": "model/sampledata/data/database"
  },
  "RequestHandlers": [
    {
      "Name": "/api/",
      "DefaultEnabled": true,
      "MatchExactly": false
    },
    {
      "Name": "/link/",
      "DefaultEnabled": true,
      "MatchExactly": false
    },
    {
      "Name": "/p/",
      "DefaultEnabled": false,
      "MatchExactly": false
    }
  ]
}