{"Administration.ChangeMyPassword":{"p":["Administration.AccountPasswordData"],"a":[["Administration.AccountPasswordData_Account","Administration.AccountPasswordData"],["Administration.AccountPasswordData_Account","Administration.Account"]]},"Administration.ShowMyPasswordForm":{"p":["Administration.Account"],"a":[]},"Administration.ShowPasswordForm":{"p":["Administration.Account"],"a":[]},"Administration.SaveNewAccount":{"p":["Administration.AccountPasswordData"],"a":[["Administration.AccountPasswordData_Account","Administration.AccountPasswordData"],["Administration.AccountPasswordData_Account","Administration.Account"]]},"Administration.NewAccount":{"p":[],"a":[]},"Administration.NewWebServiceAccount":{"p":[],"a":[]},"Administration.ChangePassword":{"p":["Administration.AccountPasswordData"],"a":[["Administration.AccountPasswordData_Account","Administration.AccountPasswordData"],["Administration.AccountPasswordData_Account","Administration.Account"]]}}