[{"operationId":"QrQVB54STk6N1GrXqF3Yvw","operationType":"retrieve","parameters":{},"constants":{"PageName":"Atlas_Core.Atlas_Default","WidgetName":"Atlas_Core.LanguageSelectorWidget.languageSelector1","UsedAssociations":[],"UsedAttributes":["System.Language/System.Language.Description"],"XPath":"//System.Language"},"allowedUserRoleSets":[["Administrator"],["User"]]},{"operationId":"T6KNjD2orE6TaMSJx1Tsag","operationType":"rollback","parameters":{"Objects":["AnyObjectList"]},"constants":{},"allowedUserRoleSets":[["Administrator"],["User"]]},{"operationId":"Lm/OydR3wky5yDsQ9gzGjw","operationType":"commit","parameters":{"Objects":["AnyObjectList"]},"constants":{},"allowedUserRoleSets":[["Administrator"],["User"]]},{"operationId":"3N7SQlUVQUGMlKySJxd6lA","operationType":"retrieve","parameters":{},"constants":{"PageName":"Administration.Account_New","WidgetName":"Administration.Account_New.comboBox2","UsedAssociations":[],"UsedAttributes":["System.TimeZone/System.TimeZone.Description"],"XPath":"//System.TimeZone"},"allowedUserRoleSets":[["Administrator"],["User"]]},{"operationId":"3DRhY6TWOkGy8xwVXzMd3g","operationType":"retrieve","parameters":{},"constants":{"PageName":"Home.Projects","WidgetName":"Home.Projects.listView3","UsedAssociations":[],"UsedAttributes":[],"XPath":"//Home.Project"},"allowedUserRoleSets":[["Administrator"],["User"]]},{"operationId":"E9XaQUbcU0GmKZ+QgGsCeQ","operationType":"create","parameters":{},"constants":{"ObjectType":"Home.project_members"},"allowedUserRoleSets":[["Administrator"],["User"]]},{"operationId":"cxN1pGaU/0GU/Ex8wu7LBQ","operationType":"delete","parameters":{"Objects":["[Administration.Account]"]},"constants":{},"allowedUserRoleSets":[["Administrator"]]},{"operationId":"hoyWKQ7B3kSjwDxO4vR/XQ","operationType":"delete","parameters":{"Objects":["[Home.project_members]"]},"constants":{},"allowedUserRoleSets":[["Administrator"],["User"]]},{"operationId":"OAAPLsXMz0CeRUi1X1OIPA","operationType":"retrieve","parameters":{},"constants":{"PageName":"Home.project_members_Overview","WidgetName":"Home.project_members_Overview.dataGrid2_1","UsedAssociations":[],"UsedAttributes":["Home.project_members/Home.project_members.member_id"],"XPath":"//Home.project_members"},"allowedUserRoleSets":[["Administrator"],["User"]]},{"operationId":"MY64ZJL6vUW4OVLq/8xTzA","operationType":"retrieve","parameters":{"CurrentObject":["Home.Project"]},"constants":{"PageName":"Home.Projects","WidgetName":"Home.Projects.dataView6","UsedAssociations":[],"UsedAttributes":[],"EntityPath":"Home.Project"},"allowedUserRoleSets":[["Administrator"],["User"]]},{"operationId":"FlARboXwrkqsqeWIORCssw","operationType":"retrieve","parameters":{},"constants":{"PageName":"Administration.MyAccount","WidgetName":"Administration.MyAccount.comboBox3","UsedAssociations":[],"UsedAttributes":["System.Language/System.Language.Description"],"XPath":"//System.Language"},"allowedUserRoleSets":[["Administrator"],["User"]]},{"operationId":"wRnB5iIjY1qJzsgKhGSGNg","operationType":"callMicroflow","parameters":{"AccountPasswordData":["Administration.AccountPasswordData"]},"constants":{"MicroflowName":"Administration.ChangePassword"},"allowedUserRoleSets":[["Administrator"]]},{"operationId":"nMuk0o+4DUKxIPDwi4pJnQ","operationType":"rollback","parameters":{"Objects":["AnyObjectList"]},"constants":{},"allowedUserRoleSets":[["Administrator"],["User"]]},{"operationId":"+uZ7SSe39EaW5+IhQ5A2Mw","operationType":"rollback","parameters":{"Objects":["AnyObjectList"]},"constants":{},"allowedUserRoleSets":[["Administrator"],["User"]]},{"operationId":"hi5kqD4ZWUKQtUmeDz5F9g","operationType":"rollback","parameters":{"Objects":["AnyObjectList"]},"constants":{},"allowedUserRoleSets":[["Administrator"],["User"]]},{"operationId":"xBuqpnf98E6ps5gLuaQ7qQ","operationType":"delete","parameters":{"Objects":["[Home.Employee]"]},"constants":{},"allowedUserRoleSets":[["Administrator"],["User"]]},{"operationId":"wQ3GEm/uGkOlNOtr64QVdQ","operationType":"rollback","parameters":{"Objects":["AnyObjectList"]},"constants":{},"allowedUserRoleSets":[["Administrator"],["User"]]},{"operationId":"ZgYltvVb9VKEf3DUvzMCPw","operationType":"callMicroflow","parameters":{"Account":["Administration.Account"]},"constants":{"MicroflowName":"Administration.ShowMyPasswordForm"},"allowedUserRoleSets":[["Administrator"],["User"]]},{"operationId":"wbiZR8cWV0CsEwD492kN7A","operationType":"commit","parameters":{"Objects":["AnyObjectList"]},"constants":{},"allowedUserRoleSets":[["Administrator"],["User"]]},{"operationId":"TY3n1XrCc0Cw7CLpiz+/dw","operationType":"rollback","parameters":{"Objects":["AnyObjectList"]},"constants":{},"allowedUserRoleSets":[["Administrator"],["User"]]},{"operationId":"31xibSD7aEqEthiSgkUs/w","operationType":"rollback","parameters":{"Objects":["AnyObjectList"]},"constants":{},"allowedUserRoleSets":[["Administrator"],["User"]]},{"operationId":"0xZ0bAAIlVynsdnKA3XiAw","operationType":"callMicroflow","parameters":{"AccountPasswordData":["Administration.AccountPasswordData"]},"constants":{"MicroflowName":"Administration.SaveNewAccount"},"allowedUserRoleSets":[["Administrator"]]},{"operationId":"A4Qw4d3ZJE+953fmC9nrBw","operationType":"retrieve","parameters":{},"constants":{"PageName":"Home.Page","WidgetName":"Home.Page.templateGrid1","UsedAssociations":["Home.Employee/Home.Employee_profile_image/Home.profile_image"],"UsedAttributes":[],"EntityPath":"Home.Employee"},"allowedUserRoleSets":[["Administrator"],["User"]]},{"operationId":"eaBQE/eHFkuzJ8KWgXEI+g","operationType":"retrieve","parameters":{},"constants":{"PageName":"Administration.Account_Edit","WidgetName":"Administration.Account_Edit.comboBox3","UsedAssociations":[],"UsedAttributes":["System.Language/System.Language.Description"],"XPath":"//System.Language"},"allowedUserRoleSets":[["Administrator"],["User"]]},{"operationId":"stoXyVIwF0qUJ6BZZnmcdg","operationType":"rollback","parameters":{"Objects":["AnyObjectList"]},"constants":{},"allowedUserRoleSets":[["Administrator"],["User"]]},{"operationId":"g7evueVpC0eHgt+A718bHQ","operationType":"delete","parameters":{"Objects":["[System.Session]"]},"constants":{},"allowedUserRoleSets":[["Administrator"]]},{"operationId":"dZV3PzkUbEetGBlC0xcOXg","operationType":"rollback","parameters":{"Objects":["AnyObjectList"]},"constants":{},"allowedUserRoleSets":[["Administrator"],["User"]]},{"operationId":"H4WfKoqEKEKN9LqyAXdvNg","operationType":"create","parameters":{},"constants":{"ObjectType":"Home.Project"},"allowedUserRoleSets":[["Administrator"],["User"]]},{"operationId":"tDyq3KAwPEWvw7rjUxcsvg","operationType":"rollback","parameters":{"Objects":["AnyObjectList"]},"constants":{},"allowedUserRoleSets":[["Administrator"],["User"]]},{"operationId":"57+p/kFwNUu433W3N4nzUw","operationType":"retrieve","parameters":{},"constants":{"PageName":"Atlas_Core.Atlas_TopBar","WidgetName":"Atlas_Core.LanguageSelectorWidget.languageSelector1","UsedAssociations":[],"UsedAttributes":["System.Language/System.Language.Description"],"XPath":"//System.Language"},"allowedUserRoleSets":[["Administrator"],["User"]]},{"operationId":"ptjTquNinEe9QGRtFR/GWQ","operationType":"rollback","parameters":{"Objects":["AnyObjectList"]},"constants":{},"allowedUserRoleSets":[["Administrator"],["User"]]},{"operationId":"XeBVq1B0XkmR+jznT7U5XQ","operationType":"retrieve","parameters":{},"constants":{"PageName":"Home.project_members_NewEdit","WidgetName":"Home.project_members_NewEdit.comboBox2","UsedAssociations":[],"UsedAttributes":["Home.Project/Home.Project.project_name"],"XPath":"//Home.Project"},"allowedUserRoleSets":[["Administrator"],["User"]]},{"operationId":"pYhlT7BKuUO3ex7d59H6uA","operationType":"delete","parameters":{"Objects":["[Home.Project]"]},"constants":{},"allowedUserRoleSets":[["Administrator"],["User"]]},{"operationId":"bDt/C8wyukmj8jvogQELJQ","operationType":"rollback","parameters":{"Objects":["AnyObjectList"]},"constants":{},"allowedUserRoleSets":[["Administrator"],["User"]]},{"operationId":"V39asAbtP1SwmBhG4Ht2HQ","operationType":"callMicroflow","parameters":{},"constants":{"MicroflowName":"Administration.NewAccount"},"allowedUserRoleSets":[["Administrator"]]},{"operationId":"3BSmSK8L8lCy/Ri8kqHWAg","operationType":"callMicroflow","parameters":{"AccountPasswordData":["Administration.AccountPasswordData"]},"constants":{"MicroflowName":"Administration.ChangeMyPassword"},"allowedUserRoleSets":[["Administrator"],["User"]]},{"operationId":"FIVD0bOk2EGeXee/ZAMoaA","operationType":"rollback","parameters":{"Objects":["AnyObjectList"]},"constants":{},"allowedUserRoleSets":[["Administrator"],["User"]]},{"operationId":"8pc7WOw4/kyhpCWI5amFBw","operationType":"retrieve","parameters":{},"constants":{"PageName":"Administration.Account_Edit","WidgetName":"Administration.Account_Edit.comboBox2","UsedAssociations":[],"UsedAttributes":["System.UserRole/System.UserRole.Name"],"XPath":"//System.UserRole[System.grantableRoles[reversed()]/System.UserRole/System.UserRoles = '[%CurrentUser%]']"},"allowedUserRoleSets":[["Administrator"],["User"]]},{"operationId":"Imjnf7bpyVyPEtnH7PiIsQ","operationType":"callMicroflow","parameters":{},"constants":{"MicroflowName":"Administration.NewWebServiceAccount"},"allowedUserRoleSets":[["Administrator"]]},{"operationId":"8wz5d/J4ekW1xsm/O9w1ow","operationType":"create","parameters":{},"constants":{"ObjectType":"Home.Employee"},"allowedUserRoleSets":[["Administrator"],["User"]]},{"operationId":"TzWgfpPR6Uy933ZGhYK6Qw","operationType":"commit","parameters":{"Objects":["AnyObjectList"]},"constants":{},"allowedUserRoleSets":[["Administrator"],["User"]]},{"operationId":"nNjnJpBFKkWLCy0ySzx59Q","operationType":"retrieve","parameters":{},"constants":{"PageName":"Administration.Account_Overview","WidgetName":"Administration.Account_Overview.dataGrid21","UsedAssociations":[],"UsedAttributes":["System.UserRole/System.UserRole.Name"],"XPath":"//System.UserRole"},"allowedUserRoleSets":[["Administrator"],["User"]]},{"operationId":"FMhIyMJu7UqKAA/10Bc2OA","operationType":"retrieve","parameters":{},"constants":{"PageName":"Administration.Account_Overview","WidgetName":"Administration.Account_Overview.dataGrid21","UsedAssociations":[],"UsedAttributes":["Administration.Account/Administration.Account.FullName","Administration.Account/System.User.Name","Administration.Account/System.UserRoles/System.UserRole/System.UserRole.Name","Administration.Account/System.User.LastLogin","Administration.Account/System.User.Active","Administration.Account/System.User.WebServiceUser","Administration.Account/Administration.Account.IsLocalUser"],"XPath":"//Administration.Account[(System.UserRoles/System.UserRole/System.grantableRoles[reversed()]/System.UserRole/System.UserRoles = '[%CurrentUser%]' or not(System.UserRoles/System.UserRole)) and Name != empty]"},"allowedUserRoleSets":[["Administrator"],["User"]]},{"operationId":"ug6Y21uoTk+JiFgfm5meNg","operationType":"rollback","parameters":{"Objects":["AnyObjectList"]},"constants":{},"allowedUserRoleSets":[["Administrator"],["User"]]},{"operationId":"e08jOqP+Y0qmYGWt3jQWmw","operationType":"retrieve","parameters":{},"constants":{"PageName":"Home.project_members_NewEdit","WidgetName":"Home.project_members_NewEdit.comboBox1","UsedAssociations":[],"UsedAttributes":["Home.Employee/Home.Employee.Name"],"XPath":"//Home.Employee"},"allowedUserRoleSets":[["Administrator"],["User"]]},{"operationId":"faMAoIjbYkqEA2TEuCdSmw","operationType":"retrieve","parameters":{},"constants":{"PageName":"Home.profile_image_NewEdit","WidgetName":"Home.profile_image_NewEdit.comboBox1","UsedAssociations":[],"UsedAttributes":["Home.Employee/Home.Employee.Name"],"XPath":"//Home.Employee"},"allowedUserRoleSets":[["Administrator"],["User"]]},{"operationId":"xfdKTOYUZEu5ncTuUKjd5Q","operationType":"retrieve","parameters":{},"constants":{"PageName":"Home.profile_image_Overview_2","WidgetName":"Home.profile_image_Overview_2.dataGrid2_1","UsedAssociations":[],"UsedAttributes":["Home.profile_image/System.FileDocument.Name","Home.profile_image/System.FileDocument.Size"],"XPath":"//Home.profile_image"},"allowedUserRoleSets":[["Administrator"],["User"]]},{"operationId":"3o/07xwdd0GHgCuxTt1k6A","operationType":"retrieve","parameters":{},"constants":{"PageName":"Administration.Account_Edit","WidgetName":"Administration.Account_Edit.comboBox4","UsedAssociations":[],"UsedAttributes":["System.TimeZone/System.TimeZone.Description"],"XPath":"//System.TimeZone"},"allowedUserRoleSets":[["Administrator"],["User"]]},{"operationId":"R5SF5a03BUOozdt/HthAwA","operationType":"rollback","parameters":{"Objects":["AnyObjectList"]},"constants":{},"allowedUserRoleSets":[["Administrator"],["User"]]},{"operationId":"w+Ffbx2R4Ue9fEYvaglr6g","operationType":"commit","parameters":{"Objects":["AnyObjectList"]},"constants":{},"allowedUserRoleSets":[["Administrator"],["User"]]},{"operationId":"4W1X4I6iZk2Ei4Krgv/Siw","operationType":"retrieve","parameters":{},"constants":{"PageName":"Home.Employee_Overview_2","WidgetName":"Home.Employee_Overview_2.dataGrid2_1","UsedAssociations":[],"UsedAttributes":["Home.Employee/Home.Employee.Name","Home.Employee/Home.Employee.Age","Home.Employee/Home.Employee.Email","Home.Employee/Home.Employee.Designation","Home.Employee/Home.Employee.Gender"],"XPath":"//Home.Employee"},"allowedUserRoleSets":[["Administrator"],["User"]]},{"operationId":"TA9ob5Hh3UW1o/QSI/Qe6g","operationType":"rollback","parameters":{"Objects":["AnyObjectList"]},"constants":{},"allowedUserRoleSets":[["Administrator"],["User"]]},{"operationId":"pnYlPa5cUkevDW3sVz+hVg","operationType":"rollback","parameters":{"Objects":["AnyObjectList"]},"constants":{},"allowedUserRoleSets":[["Administrator"],["User"]]},{"operationId":"+76GULRLRU+pdESkEY7iIg","operationType":"retrieve","parameters":{},"constants":{"PageName":"Administration.ScheduledEvents","WidgetName":"Administration.ScheduledEvents.dataGrid21","UsedAssociations":[],"UsedAttributes":["System.ScheduledEventInformation/System.ScheduledEventInformation.Name","System.ScheduledEventInformation/System.ScheduledEventInformation.Description","System.ScheduledEventInformation/System.ScheduledEventInformation.StartTime","System.ScheduledEventInformation/System.ScheduledEventInformation.Status","System.ScheduledEventInformation/System.ScheduledEventInformation.EndTime"],"XPath":"//System.ScheduledEventInformation"},"allowedUserRoleSets":[["Administrator"],["User"]]},{"operationId":"/sxp8diuUUCjd1hAnL/9UA","operationType":"commit","parameters":{"Objects":["AnyObjectList"]},"constants":{},"allowedUserRoleSets":[["Administrator"],["User"]]},{"operationId":"60kySZt0z1Snas397avB7A","operationType":"callMicroflow","parameters":{"Account":["Administration.Account"]},"constants":{"MicroflowName":"Administration.ShowPasswordForm"},"allowedUserRoleSets":[["Administrator"]]},{"operationId":"rL4CdSB3ykul2jCRATQTIg","operationType":"delete","parameters":{"Objects":["[Home.profile_image]"]},"constants":{},"allowedUserRoleSets":[["Administrator"],["User"]]},{"operationId":"3Kltn/SN1UirKnKA/sM0cg","operationType":"retrieve","parameters":{},"constants":{"PageName":"Administration.RuntimeInstances","WidgetName":"Administration.RuntimeInstances.dataGrid21","UsedAssociations":[],"UsedAttributes":["System.XASInstance/System.XASInstance.XASId","System.XASInstance/System.XASInstance.createdDate","System.XASInstance/System.XASInstance.AllowedNumberOfConcurrentUsers","System.XASInstance/System.XASInstance.PartnerName","System.XASInstance/System.XASInstance.CustomerName"],"XPath":"//System.XASInstance"},"allowedUserRoleSets":[["Administrator"],["User"]]},{"operationId":"4y81RG8IHUmA7XtcqBbE9A","operationType":"create","parameters":{},"constants":{"ObjectType":"Home.Employee"},"allowedUserRoleSets":[["Administrator"],["User"]]},{"operationId":"HGlM0ETYSUm9gBjo4hNM/Q","operationType":"retrieve","parameters":{"CurrentObject":["Administration.Account"]},"constants":{"PageName":"Administration.Account_Overview","WidgetName":"Administration.Account_Overview.listView1","UsedAssociations":[],"UsedAttributes":[],"EntityPath":"System.UserRoles/System.UserRole"},"allowedUserRoleSets":[["Administrator"],["User"]]},{"operationId":"VH6gFMrOnEu/SBNeVBBMQg","operationType":"commit","parameters":{"Objects":["AnyObjectList"]},"constants":{},"allowedUserRoleSets":[["Administrator"],["User"]]},{"operationId":"yd/E8yUCIUqoSeagfcKIVA","operationType":"create","parameters":{},"constants":{"ObjectType":"Home.profile_image"},"allowedUserRoleSets":[["Administrator"],["User"]]},{"operationId":"S6zFtX4PREOgd16JNQ3KXQ","operationType":"retrieve","parameters":{},"constants":{"PageName":"Home.Project_Overview_2","WidgetName":"Home.Project_Overview_2.dataGrid2_1","UsedAssociations":[],"UsedAttributes":["Home.Project/Home.Project.project_id","Home.Project/Home.Project.project_name"],"XPath":"//Home.Project"},"allowedUserRoleSets":[["Administrator"],["User"]]},{"operationId":"/LEeW7xsnkyslkmSbL44Cg","operationType":"retrieve","parameters":{"CurrentObject":["Home.Project"]},"constants":{"PageName":"Home.Projects","WidgetName":"Home.Projects.listView1","UsedAssociations":["Home.Employee/Home.Employee_profile_image/Home.profile_image"],"UsedAttributes":[],"XPath":"//Home.Employee[Home.project_members_Employee/Home.project_members/Home.project_members_Project='[%CurrentObject%]']"},"allowedUserRoleSets":[["Administrator"],["User"]]},{"operationId":"XdGjsnvwcUKvXHZIwQHocw","operationType":"retrieve","parameters":{"CurrentObject":["Administration.AccountPasswordData"]},"constants":{"PageName":"Administration.Account_New","WidgetName":"Administration.Account_New.dataView1","UsedAssociations":["Administration.Account/System.UserRoles/System.UserRole","Administration.Account/System.User_Language/System.Language","Administration.Account/System.User_TimeZone/System.TimeZone"],"UsedAttributes":[],"EntityPath":"Administration.AccountPasswordData_Account/Administration.Account"},"allowedUserRoleSets":[["Administrator"],["User"]]},{"operationId":"z0KzfXzkXEStfXOK/cxBng","operationType":"rollback","parameters":{"Objects":["AnyObjectList"]},"constants":{},"allowedUserRoleSets":[["Administrator"],["User"]]},{"operationId":"mvYozZepkEOy2jt5rQT3lA","operationType":"retrieve","parameters":{},"constants":{"PageName":"Administration.Account_New","WidgetName":"Administration.Account_New.comboBox1","UsedAssociations":[],"UsedAttributes":["System.UserRole/System.UserRole.Name"],"XPath":"//System.UserRole[System.grantableRoles[reversed()]/System.UserRole/System.UserRoles = '[%CurrentUser%]']"},"allowedUserRoleSets":[["Administrator"],["User"]]},{"operationId":"afAm8FbvrkiBkSiQy173Cg","operationType":"retrieve","parameters":{},"constants":{"PageName":"Administration.ActiveSessions","WidgetName":"Administration.ActiveSessions.dataGrid21","UsedAssociations":[],"UsedAttributes":["System.Session/System.Session_User/System.User/System.User.Name","System.Session/System.Session.LastActive"],"XPath":"//System.Session"},"allowedUserRoleSets":[["Administrator"],["User"]]},{"operationId":"MMO7l65n3kGJx7vfVKsKfQ","operationType":"delete","parameters":{"Objects":["[Home.Employee]"]},"constants":{},"allowedUserRoleSets":[["Administrator"],["User"]]},{"operationId":"nSnJAbQjREKUipB66fQQDw","operationType":"retrieve","parameters":{},"constants":{"PageName":"Administration.Account_New","WidgetName":"Administration.Account_New.comboBox3","UsedAssociations":[],"UsedAttributes":["System.Language/System.Language.Description"],"XPath":"//System.Language"},"allowedUserRoleSets":[["Administrator"],["User"]]}]