[{"operationId":"PcH/RA6f602e7Xv+XdqEXA","operationType":"delete","parameters":{"Objects":["[Home.Employee]"]},"constants":{},"allowedUserRoleSets":[["Administrator"],["User"]]},{"operationId":"FwPHZwlqIUuuKdfyrJd+3w","operationType":"retrieve","parameters":{},"constants":{"PageName":"Administration.Account_New","WidgetName":"Administration.Account_New.comboBox1","UsedAssociations":[],"UsedAttributes":["System.UserRole/System.UserRole.Name"],"XPath":"//System.UserRole[System.grantableRoles[reversed()]/System.UserRole/System.UserRoles = '[%CurrentUser%]']"},"allowedUserRoleSets":[["Administrator"],["User"]]},{"operationId":"avaLVNygWEykg9a8X9lirg","operationType":"retrieve","parameters":{},"constants":{"PageName":"Home.Page","WidgetName":"Home.Page.templateGrid1","UsedAssociations":["Home.Employee/Home.Employee_profile_image/Home.profile_image"],"UsedAttributes":[],"EntityPath":"Home.Employee"},"allowedUserRoleSets":[["Administrator"],["User"]]},{"operationId":"32WYmhSAIUKcYoFpBNW2Rg","operationType":"retrieve","parameters":{},"constants":{"PageName":"Administration.Account_Edit","WidgetName":"Administration.Account_Edit.comboBox2","UsedAssociations":[],"UsedAttributes":["System.UserRole/System.UserRole.Name"],"XPath":"//System.UserRole[System.grantableRoles[reversed()]/System.UserRole/System.UserRoles = '[%CurrentUser%]']"},"allowedUserRoleSets":[["Administrator"],["User"]]},{"operationId":"P5m5hH2Uf0aiJha3fn420Q","operationType":"retrieve","parameters":{"CurrentObject":["Home.Project"]},"constants":{"PageName":"Home.Projects","WidgetName":"Home.Projects.dataView6","UsedAssociations":[],"UsedAttributes":[],"EntityPath":"Home.Project"},"allowedUserRoleSets":[["Administrator"],["User"]]},{"operationId":"dgfNTt6N60WFzX4PIzQK3Q","operationType":"rollback","parameters":{"Objects":["AnyObjectList"]},"constants":{},"allowedUserRoleSets":[["Administrator"],["User"]]},{"operationId":"wRnB5iIjY1qJzsgKhGSGNg","operationType":"callMicroflow","parameters":{"AccountPasswordData":["Administration.AccountPasswordData"]},"constants":{"MicroflowName":"Administration.ChangePassword"},"allowedUserRoleSets":[["Administrator"]]},{"operationId":"lj0Cs2aZhk2BhhnDYcBRMg","operationType":"delete","parameters":{"Objects":["[Home.Project]"]},"constants":{},"allowedUserRoleSets":[["Administrator"],["User"]]},{"operationId":"h55JVX0S1EeNDtW6gAlG9A","operationType":"create","parameters":{},"constants":{"ObjectType":"Home.profile_image"},"allowedUserRoleSets":[["Administrator"],["User"]]},{"operationId":"CTMb9tsdJ0qGbY3l2JqKhQ","operationType":"retrieve","parameters":{},"constants":{"PageName":"Home.profile_image_Overview_2","WidgetName":"Home.profile_image_Overview_2.dataGrid2_1","UsedAssociations":[],"UsedAttributes":["Home.profile_image/System.FileDocument.Name","Home.profile_image/System.FileDocument.Size"],"XPath":"//Home.profile_image"},"allowedUserRoleSets":[["Administrator"],["User"]]},{"operationId":"/OybLSlZxUmHco5Y5+I5Pw","operationType":"rollback","parameters":{"Objects":["AnyObjectList"]},"constants":{},"allowedUserRoleSets":[["Administrator"],["User"]]},{"operationId":"EhENqvpkBUCBfv/NPpFpfw","operationType":"create","parameters":{},"constants":{"ObjectType":"Home.Employee"},"allowedUserRoleSets":[["Administrator"],["User"]]},{"operationId":"AZKapK2gAkGMJHp9qfDzFA","operationType":"rollback","parameters":{"Objects":["AnyObjectList"]},"constants":{},"allowedUserRoleSets":[["Administrator"],["User"]]},{"operationId":"XkEZqQa06U6qod/3t8H29g","operationType":"commit","parameters":{"Objects":["AnyObjectList"]},"constants":{},"allowedUserRoleSets":[["Administrator"],["User"]]},{"operationId":"l4P68m3DTE6ptrs3gZZNDg","operationType":"retrieve","parameters":{},"constants":{"PageName":"Administration.ActiveSessions","WidgetName":"Administration.ActiveSessions.dataGrid21","UsedAssociations":[],"UsedAttributes":["System.Session/System.Session_User/System.User/System.User.Name","System.Session/System.Session.LastActive"],"XPath":"//System.Session"},"allowedUserRoleSets":[["Administrator"],["User"]]},{"operationId":"1eIf3DKQl0SXuNwud/YipA","operationType":"retrieve","parameters":{"CurrentObject":["Administration.Account"]},"constants":{"PageName":"Administration.Account_Overview","WidgetName":"Administration.Account_Overview.listView1","UsedAssociations":[],"UsedAttributes":[],"EntityPath":"System.UserRoles/System.UserRole"},"allowedUserRoleSets":[["Administrator"],["User"]]},{"operationId":"Xw0jWcGqUUC0d51CyuR/eg","operationType":"retrieve","parameters":{},"constants":{"PageName":"Home.Projects","WidgetName":"Home.Projects.listView3","UsedAssociations":[],"UsedAttributes":[],"XPath":"//Home.Project"},"allowedUserRoleSets":[["Administrator"],["User"]]},{"operationId":"VK4bhqGZvEqeriBOYryq7g","operationType":"rollback","parameters":{"Objects":["AnyObjectList"]},"constants":{},"allowedUserRoleSets":[["Administrator"],["User"]]},{"operationId":"jfDKXMIWTkqvGdmRvLaFdg","operationType":"retrieve","parameters":{},"constants":{"PageName":"Administration.Account_New","WidgetName":"Administration.Account_New.comboBox3","UsedAssociations":[],"UsedAttributes":["System.Language/System.Language.Description"],"XPath":"//System.Language"},"allowedUserRoleSets":[["Administrator"],["User"]]},{"operationId":"ZgYltvVb9VKEf3DUvzMCPw","operationType":"callMicroflow","parameters":{"Account":["Administration.Account"]},"constants":{"MicroflowName":"Administration.ShowMyPasswordForm"},"allowedUserRoleSets":[["Administrator"],["User"]]},{"operationId":"pMMjcWfDnky1hHLtRbPa/A","operationType":"rollback","parameters":{"Objects":["AnyObjectList"]},"constants":{},"allowedUserRoleSets":[["Administrator"],["User"]]},{"operationId":"5Q5ecabbd0CNhxsgeBQo9Q","operationType":"retrieve","parameters":{},"constants":{"PageName":"Home.project_members_Overview","WidgetName":"Home.project_members_Overview.dataGrid2_1","UsedAssociations":[],"UsedAttributes":["Home.project_members/Home.project_members.member_id"],"XPath":"//Home.project_members"},"allowedUserRoleSets":[["Administrator"],["User"]]},{"operationId":"WX+zWTW7MUq8i0THTQOXNw","operationType":"retrieve","parameters":{"CurrentObject":["Administration.AccountPasswordData"]},"constants":{"PageName":"Administration.Account_New","WidgetName":"Administration.Account_New.dataView1","UsedAssociations":["Administration.Account/System.UserRoles/System.UserRole","Administration.Account/System.User_Language/System.Language","Administration.Account/System.User_TimeZone/System.TimeZone"],"UsedAttributes":[],"EntityPath":"Administration.AccountPasswordData_Account/Administration.Account"},"allowedUserRoleSets":[["Administrator"],["User"]]},{"operationId":"x9uyvaN1NUOYTRal96KAag","operationType":"rollback","parameters":{"Objects":["AnyObjectList"]},"constants":{},"allowedUserRoleSets":[["Administrator"],["User"]]},{"operationId":"dPsjxRnOdEu9p5fsFoO6bA","operationType":"retrieve","parameters":{},"constants":{"PageName":"Atlas_Core.Atlas_TopBar","WidgetName":"Atlas_Core.LanguageSelectorWidget.languageSelector1","UsedAssociations":[],"UsedAttributes":["System.Language/System.Language.Description"],"XPath":"//System.Language"},"allowedUserRoleSets":[["Administrator"],["User"]]},{"operationId":"9Njg5ldh2UqXK5EJhssYGw","operationType":"commit","parameters":{"Objects":["AnyObjectList"]},"constants":{},"allowedUserRoleSets":[["Administrator"],["User"]]},{"operationId":"0xZ0bAAIlVynsdnKA3XiAw","operationType":"callMicroflow","parameters":{"AccountPasswordData":["Administration.AccountPasswordData"]},"constants":{"MicroflowName":"Administration.SaveNewAccount"},"allowedUserRoleSets":[["Administrator"]]},{"operationId":"U2JAHTbFV06ew3mg9utQWA","operationType":"delete","parameters":{"Objects":["[System.Session]"]},"constants":{},"allowedUserRoleSets":[["Administrator"]]},{"operationId":"jT8FLZdvhECZQPsOY9WXfA","operationType":"retrieve","parameters":{},"constants":{"PageName":"Home.project_members_NewEdit","WidgetName":"Home.project_members_NewEdit.comboBox1","UsedAssociations":[],"UsedAttributes":["Home.Employee/Home.Employee.Name"],"XPath":"//Home.Employee"},"allowedUserRoleSets":[["Administrator"],["User"]]},{"operationId":"0fgOCxz0S0ioMCqUsr8sOw","operationType":"commit","parameters":{"Objects":["AnyObjectList"]},"constants":{},"allowedUserRoleSets":[["Administrator"],["User"]]},{"operationId":"kY6bLpr6KUWCXe/VpYQEog","operationType":"create","parameters":{},"constants":{"ObjectType":"Home.Project"},"allowedUserRoleSets":[["Administrator"],["User"]]},{"operationId":"oaMitmaCn0K/w58BHJ5nCg","operationType":"rollback","parameters":{"Objects":["AnyObjectList"]},"constants":{},"allowedUserRoleSets":[["Administrator"],["User"]]},{"operationId":"j5WEQFYL/kSMpJZSN597VQ","operationType":"rollback","parameters":{"Objects":["AnyObjectList"]},"constants":{},"allowedUserRoleSets":[["Administrator"],["User"]]},{"operationId":"PjzEZ6lF1k2BD06q6KXCWw","operationType":"retrieve","parameters":{},"constants":{"PageName":"Administration.Account_Overview","WidgetName":"Administration.Account_Overview.dataGrid21","UsedAssociations":[],"UsedAttributes":["System.UserRole/System.UserRole.Name"],"XPath":"//System.UserRole"},"allowedUserRoleSets":[["Administrator"],["User"]]},{"operationId":"2t5w/c5jJky9pT8ddg40tQ","operationType":"delete","parameters":{"Objects":["[Home.Employee]"]},"constants":{},"allowedUserRoleSets":[["Administrator"],["User"]]},{"operationId":"fhp1iqhVXUCCQ6WwbP39nQ","operationType":"retrieve","parameters":{},"constants":{"PageName":"Home.project_members_NewEdit","WidgetName":"Home.project_members_NewEdit.comboBox2","UsedAssociations":[],"UsedAttributes":["Home.Project/Home.Project.project_name"],"XPath":"//Home.Project"},"allowedUserRoleSets":[["Administrator"],["User"]]},{"operationId":"ztcd6DblrUScHYe4ABr2FQ","operationType":"rollback","parameters":{"Objects":["AnyObjectList"]},"constants":{},"allowedUserRoleSets":[["Administrator"],["User"]]},{"operationId":"V39asAbtP1SwmBhG4Ht2HQ","operationType":"callMicroflow","parameters":{},"constants":{"MicroflowName":"Administration.NewAccount"},"allowedUserRoleSets":[["Administrator"]]},{"operationId":"3BSmSK8L8lCy/Ri8kqHWAg","operationType":"callMicroflow","parameters":{"AccountPasswordData":["Administration.AccountPasswordData"]},"constants":{"MicroflowName":"Administration.ChangeMyPassword"},"allowedUserRoleSets":[["Administrator"],["User"]]},{"operationId":"ZUk/t2/RQkaqLLJdaOubFA","operationType":"retrieve","parameters":{},"constants":{"PageName":"Home.Project_Overview_2","WidgetName":"Home.Project_Overview_2.dataGrid2_1","UsedAssociations":[],"UsedAttributes":["Home.Project/Home.Project.project_id","Home.Project/Home.Project.project_name"],"XPath":"//Home.Project"},"allowedUserRoleSets":[["Administrator"],["User"]]},{"operationId":"Imjnf7bpyVyPEtnH7PiIsQ","operationType":"callMicroflow","parameters":{},"constants":{"MicroflowName":"Administration.NewWebServiceAccount"},"allowedUserRoleSets":[["Administrator"]]},{"operationId":"HRNTOWaln0yVuEFen75Vuw","operationType":"rollback","parameters":{"Objects":["AnyObjectList"]},"constants":{},"allowedUserRoleSets":[["Administrator"],["User"]]},{"operationId":"3oYx5qA+vEOelolTso6psg","operationType":"retrieve","parameters":{},"constants":{"PageName":"Administration.Account_New","WidgetName":"Administration.Account_New.comboBox2","UsedAssociations":[],"UsedAttributes":["System.TimeZone/System.TimeZone.Description"],"XPath":"//System.TimeZone"},"allowedUserRoleSets":[["Administrator"],["User"]]},{"operationId":"WM75o0V0OkalxMKa5MIK5w","operationType":"retrieve","parameters":{"CurrentObject":["Home.Project"]},"constants":{"PageName":"Home.Projects","WidgetName":"Home.Projects.listView1","UsedAssociations":["Home.Employee/Home.Employee_profile_image/Home.profile_image"],"UsedAttributes":[],"XPath":"//Home.Employee[Home.project_members_Employee/Home.project_members/Home.project_members_Project='[%CurrentObject%]']"},"allowedUserRoleSets":[["Administrator"],["User"]]},{"operationId":"IpXU3PsIyU21onIgtLwkcQ","operationType":"rollback","parameters":{"Objects":["AnyObjectList"]},"constants":{},"allowedUserRoleSets":[["Administrator"],["User"]]},{"operationId":"r3fbcCRrZEuHLtB6cXZ18A","operationType":"rollback","parameters":{"Objects":["AnyObjectList"]},"constants":{},"allowedUserRoleSets":[["Administrator"],["User"]]},{"operationId":"lznssmeIqEC12FXFL229+Q","operationType":"commit","parameters":{"Objects":["AnyObjectList"]},"constants":{},"allowedUserRoleSets":[["Administrator"],["User"]]},{"operationId":"0tf9JuBKIkqxMb+z7+Wklg","operationType":"commit","parameters":{"Objects":["AnyObjectList"]},"constants":{},"allowedUserRoleSets":[["Administrator"],["User"]]},{"operationId":"G3iaYhPy7ESCl6EgnU7ygw","operationType":"retrieve","parameters":{},"constants":{"PageName":"Administration.MyAccount","WidgetName":"Administration.MyAccount.comboBox3","UsedAssociations":[],"UsedAttributes":["System.Language/System.Language.Description"],"XPath":"//System.Language"},"allowedUserRoleSets":[["Administrator"],["User"]]},{"operationId":"uioEs3SwY0ux3reb/PzB+g","operationType":"rollback","parameters":{"Objects":["AnyObjectList"]},"constants":{},"allowedUserRoleSets":[["Administrator"],["User"]]},{"operationId":"TaVrA3gXU0Ce93k+BE3jcg","operationType":"create","parameters":{},"constants":{"ObjectType":"Home.Employee"},"allowedUserRoleSets":[["Administrator"],["User"]]},{"operationId":"tP2YhQ+3+UO94hF3XfbUlw","operationType":"delete","parameters":{"Objects":["[Home.project_members]"]},"constants":{},"allowedUserRoleSets":[["Administrator"],["User"]]},{"operationId":"pMcTTb2qtESjVgnl3LLjhQ","operationType":"delete","parameters":{"Objects":["[Home.profile_image]"]},"constants":{},"allowedUserRoleSets":[["Administrator"],["User"]]},{"operationId":"Hau8qOvYiEq+GRmMb+eQ2w","operationType":"commit","parameters":{"Objects":["AnyObjectList"]},"constants":{},"allowedUserRoleSets":[["Administrator"],["User"]]},{"operationId":"vj0lIPg1z0yW9VewkrdWFA","operationType":"create","parameters":{},"constants":{"ObjectType":"Home.project_members"},"allowedUserRoleSets":[["Administrator"],["User"]]},{"operationId":"b/tzJ17/jkGLjIfyNmK0YQ","operationType":"delete","parameters":{"Objects":["[Administration.Account]"]},"constants":{},"allowedUserRoleSets":[["Administrator"]]},{"operationId":"RIBkbF1ulkCn5ZKpVhzOJw","operationType":"retrieve","parameters":{},"constants":{"PageName":"Home.profile_image_NewEdit","WidgetName":"Home.profile_image_NewEdit.comboBox1","UsedAssociations":[],"UsedAttributes":["Home.Employee/Home.Employee.Name"],"XPath":"//Home.Employee"},"allowedUserRoleSets":[["Administrator"],["User"]]},{"operationId":"NEiZ44vMmUauR8HYfQUzqg","operationType":"rollback","parameters":{"Objects":["AnyObjectList"]},"constants":{},"allowedUserRoleSets":[["Administrator"],["User"]]},{"operationId":"60kySZt0z1Snas397avB7A","operationType":"callMicroflow","parameters":{"Account":["Administration.Account"]},"constants":{"MicroflowName":"Administration.ShowPasswordForm"},"allowedUserRoleSets":[["Administrator"]]},{"operationId":"N3l+h5ob6E2GgRD8Dz5lFg","operationType":"retrieve","parameters":{},"constants":{"PageName":"Atlas_Core.Atlas_Default","WidgetName":"Atlas_Core.LanguageSelectorWidget.languageSelector1","UsedAssociations":[],"UsedAttributes":["System.Language/System.Language.Description"],"XPath":"//System.Language"},"allowedUserRoleSets":[["Administrator"],["User"]]},{"operationId":"Ml11GQXUc0WcITvnHPPAHQ","operationType":"rollback","parameters":{"Objects":["AnyObjectList"]},"constants":{},"allowedUserRoleSets":[["Administrator"],["User"]]},{"operationId":"ZvqlrIpwF02HYbIvdbp/GQ","operationType":"retrieve","parameters":{},"constants":{"PageName":"Administration.Account_Edit","WidgetName":"Administration.Account_Edit.comboBox4","UsedAssociations":[],"UsedAttributes":["System.TimeZone/System.TimeZone.Description"],"XPath":"//System.TimeZone"},"allowedUserRoleSets":[["Administrator"],["User"]]},{"operationId":"EkpD1nneCkC6imOtbS7jeQ","operationType":"retrieve","parameters":{},"constants":{"PageName":"Administration.RuntimeInstances","WidgetName":"Administration.RuntimeInstances.dataGrid21","UsedAssociations":[],"UsedAttributes":["System.XASInstance/System.XASInstance.XASId","System.XASInstance/System.XASInstance.createdDate","System.XASInstance/System.XASInstance.AllowedNumberOfConcurrentUsers","System.XASInstance/System.XASInstance.PartnerName","System.XASInstance/System.XASInstance.CustomerName"],"XPath":"//System.XASInstance"},"allowedUserRoleSets":[["Administrator"],["User"]]},{"operationId":"ryn5GBf3JUmzUHLgH3/EzQ","operationType":"retrieve","parameters":{},"constants":{"PageName":"Administration.Account_Edit","WidgetName":"Administration.Account_Edit.comboBox3","UsedAssociations":[],"UsedAttributes":["System.Language/System.Language.Description"],"XPath":"//System.Language"},"allowedUserRoleSets":[["Administrator"],["User"]]},{"operationId":"fL/d99lDQE68t3K/jAkGpw","operationType":"rollback","parameters":{"Objects":["AnyObjectList"]},"constants":{},"allowedUserRoleSets":[["Administrator"],["User"]]},{"operationId":"MuDutudGeUuLadJg9xSQVw","operationType":"retrieve","parameters":{},"constants":{"PageName":"Administration.Account_Overview","WidgetName":"Administration.Account_Overview.dataGrid21","UsedAssociations":[],"UsedAttributes":["Administration.Account/Administration.Account.FullName","Administration.Account/System.User.Name","Administration.Account/System.UserRoles/System.UserRole/System.UserRole.Name","Administration.Account/System.User.LastLogin","Administration.Account/System.User.Active","Administration.Account/System.User.WebServiceUser","Administration.Account/Administration.Account.IsLocalUser"],"XPath":"//Administration.Account[(System.UserRoles/System.UserRole/System.grantableRoles[reversed()]/System.UserRole/System.UserRoles = '[%CurrentUser%]' or not(System.UserRoles/System.UserRole)) and Name != empty]"},"allowedUserRoleSets":[["Administrator"],["User"]]},{"operationId":"v9mO1Zwo2Ei0Wz2MkGA7ug","operationType":"rollback","parameters":{"Objects":["AnyObjectList"]},"constants":{},"allowedUserRoleSets":[["Administrator"],["User"]]},{"operationId":"m1AN/NlqaE6cEtPZnfUX4g","operationType":"retrieve","parameters":{},"constants":{"PageName":"Home.Employee_Overview_2","WidgetName":"Home.Employee_Overview_2.dataGrid2_1","UsedAssociations":[],"UsedAttributes":["Home.Employee/Home.Employee.Name","Home.Employee/Home.Employee.Age","Home.Employee/Home.Employee.Email","Home.Employee/Home.Employee.Designation","Home.Employee/Home.Employee.Gender"],"XPath":"//Home.Employee"},"allowedUserRoleSets":[["Administrator"],["User"]]},{"operationId":"RG0DiAEXqk6krPn8mERDFQ","operationType":"retrieve","parameters":{},"constants":{"PageName":"Administration.ScheduledEvents","WidgetName":"Administration.ScheduledEvents.dataGrid21","UsedAssociations":[],"UsedAttributes":["System.ScheduledEventInformation/System.ScheduledEventInformation.Name","System.ScheduledEventInformation/System.ScheduledEventInformation.Description","System.ScheduledEventInformation/System.ScheduledEventInformation.StartTime","System.ScheduledEventInformation/System.ScheduledEventInformation.Status","System.ScheduledEventInformation/System.ScheduledEventInformation.EndTime"],"XPath":"//System.ScheduledEventInformation"},"allowedUserRoleSets":[["Administrator"],["User"]]},{"operationId":"mE58L5Ot0kyyeifm5lrQ3A","operationType":"rollback","parameters":{"Objects":["AnyObjectList"]},"constants":{},"allowedUserRoleSets":[["Administrator"],["User"]]}]